-- phpMyAdmin SQL Dump
-- version 4.8.5
-- https://www.phpmyadmin.net/
--
-- Host: 127.0.0.1
-- Generation Time: May 30, 2019 at 07:15 PM
-- Server version: 10.1.38-MariaDB
-- PHP Version: 7.3.3

SET SQL_MODE = "NO_AUTO_VALUE_ON_ZERO";
SET AUTOCOMMIT = 0;
START TRANSACTION;
SET time_zone = "+00:00";


/*!40101 SET @OLD_CHARACTER_SET_CLIENT=@@CHARACTER_SET_CLIENT */;
/*!40101 SET @OLD_CHARACTER_SET_RESULTS=@@CHARACTER_SET_RESULTS */;
/*!40101 SET @OLD_COLLATION_CONNECTION=@@COLLATION_CONNECTION */;
/*!40101 SET NAMES utf8mb4 */;

--
-- Database: `managerstudent`
--

-- --------------------------------------------------------

--
-- Table structure for table `address`
--

CREATE TABLE `address` (
  `id` int(11) NOT NULL,
  `provindId` int(11) DEFAULT NULL,
  `districtId` int(11) DEFAULT NULL,
  `townId` int(11) DEFAULT NULL
) ENGINE=InnoDB DEFAULT CHARSET=utf8;

--
-- Dumping data for table `address`
--

INSERT INTO `address` (`id`, `provindId`, `districtId`, `townId`) VALUES
(1, 2, 28, 832),
(13, 2, 28, 820),
(14, 4, 42, 1290),
(15, 6, 65, 2098),
(16, 1, 3, 91),
(17, 10, 5, 166),
(18, 1, 2, 40),
(19, 1, 2, 37),
(20, 1, 2, 37),
(21, 1, 2, 37),
(22, 1, 2, 37),
(23, 1, 2, 37),
(24, 1, 2, 37),
(25, 1, 2, 37),
(26, 1, 5, 157);

-- --------------------------------------------------------

--
-- Table structure for table `district`
--

CREATE TABLE `district` (
  `id` int(5) NOT NULL,
  `districtName` varchar(100) CHARACTER SET utf8 NOT NULL,
  `type` varchar(30) CHARACTER SET utf8 NOT NULL,
  `provindId` int(5) NOT NULL,
  `checked` int(11) NOT NULL
) ENGINE=InnoDB DEFAULT CHARSET=latin1;

--
-- Dumping data for table `district`
--

INSERT INTO `district` (`id`, `districtName`, `type`, `provindId`, `checked`) VALUES
(1, 'Quận Ba Đình', 'Quận', 1, 0),
(2, 'Quận Hoàn Kiếm', 'Quận', 1, 0),
(3, 'Quận Tây Hồ', 'Quận', 1, 0),
(4, 'Quận Long Biên', 'Quận', 1, 0),
(5, 'Quận Cầu Giấy', 'Quận', 1, 0),
(6, 'Quận Đống Đa', 'Quận', 1, 0),
(7, 'Quận Hai Bà Trưng', 'Quận', 1, 0),
(8, 'Quận Hoàng Mai', 'Quận', 1, 0),
(9, 'Quận Thanh Xuân', 'Quận', 1, 0),
(16, 'Huyện Sóc Sơn', 'Huyện', 1, 0),
(17, 'Huyện Đông Anh', 'Huyện', 1, 0),
(18, 'Huyện Gia Lâm', 'Huyện', 1, 0),
(19, 'Quận Nam Từ Liêm', 'Quận', 1, 0),
(20, 'Huyện Thanh Trì', 'Huyện', 1, 0),
(21, 'Quận Bắc Từ Liêm', 'Quận', 1, 0),
(24, 'Thành phố Hà Giang', 'Thành phố', 2, 0),
(26, 'Huyện Đồng Văn', 'Huyện', 2, 0),
(27, 'Huyện Mèo Vạc', 'Huyện', 2, 0),
(28, 'Huyện Yên Minh', 'Huyện', 2, 0),
(29, 'Huyện Quản Bạ', 'Huyện', 2, 0),
(30, 'Huyện Vị Xuyên', 'Huyện', 2, 0),
(31, 'Huyện Bắc Mê', 'Huyện', 2, 0),
(32, 'Huyện Hoàng Su Phì', 'Huyện', 2, 0),
(33, 'Huyện Xín Mần', 'Huyện', 2, 0),
(34, 'Huyện Bắc Quang', 'Huyện', 2, 0),
(35, 'Huyện Quang Bình', 'Huyện', 2, 0),
(40, 'Thành phố Cao Bằng', 'Thành phố', 4, 0),
(42, 'Huyện Bảo Lâm', 'Huyện', 4, 0),
(43, 'Huyện Bảo Lạc', 'Huyện', 4, 0),
(44, 'Huyện Thông Nông', 'Huyện', 4, 0),
(45, 'Huyện Hà Quảng', 'Huyện', 4, 0),
(46, 'Huyện Trà Lĩnh', 'Huyện', 4, 0),
(47, 'Huyện Trùng Khánh', 'Huyện', 4, 0),
(48, 'Huyện Hạ Lang', 'Huyện', 4, 0),
(49, 'Huyện Quảng Uyên', 'Huyện', 4, 0),
(50, 'Huyện Phục Hoà', 'Huyện', 4, 0),
(51, 'Huyện Hoà An', 'Huyện', 4, 0),
(52, 'Huyện Nguyên Bình', 'Huyện', 4, 0),
(53, 'Huyện Thạch An', 'Huyện', 4, 0),
(58, 'Thành Phố Bắc Kạn', 'Thành phố', 6, 0),
(60, 'Huyện Pác Nặm', 'Huyện', 6, 0),
(61, 'Huyện Ba Bể', 'Huyện', 6, 0),
(62, 'Huyện Ngân Sơn', 'Huyện', 6, 0),
(63, 'Huyện Bạch Thông', 'Huyện', 6, 0),
(64, 'Huyện Chợ Đồn', 'Huyện', 6, 0),
(65, 'Huyện Chợ Mới', 'Huyện', 6, 0),
(66, 'Huyện Na Rì', 'Huyện', 6, 0),
(70, 'Thành phố Tuyên Quang', 'Thành phố', 8, 0),
(71, 'Huyện Lâm Bình', 'Huyện', 8, 0),
(72, 'Huyện Nà Hang', 'Huyện', 8, 0),
(73, 'Huyện Chiêm Hóa', 'Huyện', 8, 0),
(74, 'Huyện Hàm Yên', 'Huyện', 8, 0),
(75, 'Huyện Yên Sơn', 'Huyện', 8, 0),
(76, 'Huyện Sơn Dương', 'Huyện', 8, 0),
(80, 'Thành phố Lào Cai', 'Thành phố', 10, 0),
(82, 'Huyện Bát Xát', 'Huyện', 10, 0),
(83, 'Huyện Mường Khương', 'Huyện', 10, 0),
(84, 'Huyện Si Ma Cai', 'Huyện', 10, 0),
(85, 'Huyện Bắc Hà', 'Huyện', 10, 0),
(86, 'Huyện Bảo Thắng', 'Huyện', 10, 0),
(87, 'Huyện Bảo Yên', 'Huyện', 10, 0),
(88, 'Huyện Sa Pa', 'Huyện', 10, 0),
(89, 'Huyện Văn Bàn', 'Huyện', 10, 0),
(94, 'Thành phố Điện Biên Phủ', 'Thành phố', 11, 0),
(95, 'Thị Xã Mường Lay', 'Thị xã', 11, 0),
(96, 'Huyện Mường Nhé', 'Huyện', 11, 0),
(97, 'Huyện Mường Chà', 'Huyện', 11, 0),
(98, 'Huyện Tủa Chùa', 'Huyện', 11, 0),
(99, 'Huyện Tuần Giáo', 'Huyện', 11, 0),
(100, 'Huyện Điện Biên', 'Huyện', 11, 0),
(101, 'Huyện Điện Biên Đông', 'Huyện', 11, 0),
(102, 'Huyện Mường Ảng', 'Huyện', 11, 0),
(103, 'Huyện Nậm Pồ', 'Huyện', 11, 0),
(105, 'Thành phố Lai Châu', 'Thành phố', 12, 0),
(106, 'Huyện Tam Đường', 'Huyện', 12, 0),
(107, 'Huyện Mường Tè', 'Huyện', 12, 0),
(108, 'Huyện Sìn Hồ', 'Huyện', 12, 0),
(109, 'Huyện Phong Thổ', 'Huyện', 12, 0),
(110, 'Huyện Than Uyên', 'Huyện', 12, 0),
(111, 'Huyện Tân Uyên', 'Huyện', 12, 0),
(112, 'Huyện Nậm Nhùn', 'Huyện', 12, 0),
(116, 'Thành phố Sơn La', 'Thành phố', 14, 0),
(118, 'Huyện Quỳnh Nhai', 'Huyện', 14, 0),
(119, 'Huyện Thuận Châu', 'Huyện', 14, 0),
(120, 'Huyện Mường La', 'Huyện', 14, 0),
(121, 'Huyện Bắc Yên', 'Huyện', 14, 0),
(122, 'Huyện Phù Yên', 'Huyện', 14, 0),
(123, 'Huyện Mộc Châu', 'Huyện', 14, 0),
(124, 'Huyện Yên Châu', 'Huyện', 14, 0),
(125, 'Huyện Mai Sơn', 'Huyện', 14, 0),
(126, 'Huyện Sông Mã', 'Huyện', 14, 0),
(127, 'Huyện Sốp Cộp', 'Huyện', 14, 0),
(128, 'Huyện Vân Hồ', 'Huyện', 14, 0),
(132, 'Thành phố Yên Bái', 'Thành phố', 15, 0),
(133, 'Thị xã Nghĩa Lộ', 'Thị xã', 15, 0),
(135, 'Huyện Lục Yên', 'Huyện', 15, 0),
(136, 'Huyện Văn Yên', 'Huyện', 15, 0),
(137, 'Huyện Mù Căng Chải', 'Huyện', 15, 0),
(138, 'Huyện Trấn Yên', 'Huyện', 15, 0),
(139, 'Huyện Trạm Tấu', 'Huyện', 15, 0),
(140, 'Huyện Văn Chấn', 'Huyện', 15, 0),
(141, 'Huyện Yên Bình', 'Huyện', 15, 0),
(148, 'Thành phố Hòa Bình', 'Thành phố', 17, 0),
(150, 'Huyện Đà Bắc', 'Huyện', 17, 0),
(151, 'Huyện Kỳ Sơn', 'Huyện', 17, 0),
(152, 'Huyện Lương Sơn', 'Huyện', 17, 0),
(153, 'Huyện Kim Bôi', 'Huyện', 17, 0),
(154, 'Huyện Cao Phong', 'Huyện', 17, 0),
(155, 'Huyện Tân Lạc', 'Huyện', 17, 0),
(156, 'Huyện Mai Châu', 'Huyện', 17, 0),
(157, 'Huyện Lạc Sơn', 'Huyện', 17, 0),
(158, 'Huyện Yên Thủy', 'Huyện', 17, 0),
(159, 'Huyện Lạc Thủy', 'Huyện', 17, 0),
(164, 'Thành phố Thái Nguyên', 'Thành phố', 19, 0),
(165, 'Thành phố Sông Công', 'Thành phố', 19, 0),
(167, 'Huyện Định Hóa', 'Huyện', 19, 0),
(168, 'Huyện Phú Lương', 'Huyện', 19, 0),
(169, 'Huyện Đồng Hỷ', 'Huyện', 19, 0),
(170, 'Huyện Võ Nhai', 'Huyện', 19, 0),
(171, 'Huyện Đại Từ', 'Huyện', 19, 0),
(172, 'Thị xã Phổ Yên', 'Thị xã', 19, 0),
(173, 'Huyện Phú Bình', 'Huyện', 19, 0),
(178, 'Thành phố Lạng Sơn', 'Thành phố', 20, 0),
(180, 'Huyện Tràng Định', 'Huyện', 20, 0),
(181, 'Huyện Bình Gia', 'Huyện', 20, 0),
(182, 'Huyện Văn Lãng', 'Huyện', 20, 0),
(183, 'Huyện Cao Lộc', 'Huyện', 20, 0),
(184, 'Huyện Văn Quan', 'Huyện', 20, 0),
(185, 'Huyện Bắc Sơn', 'Huyện', 20, 0),
(186, 'Huyện Hữu Lũng', 'Huyện', 20, 0),
(187, 'Huyện Chi Lăng', 'Huyện', 20, 0),
(188, 'Huyện Lộc Bình', 'Huyện', 20, 0),
(189, 'Huyện Đình Lập', 'Huyện', 20, 0),
(193, 'Thành phố Hạ Long', 'Thành phố', 22, 0),
(194, 'Thành phố Móng Cái', 'Thành phố', 22, 0),
(195, 'Thành phố Cẩm Phả', 'Thành phố', 22, 0),
(196, 'Thành phố Uông Bí', 'Thành phố', 22, 0),
(198, 'Huyện Bình Liêu', 'Huyện', 22, 0),
(199, 'Huyện Tiên Yên', 'Huyện', 22, 0),
(200, 'Huyện Đầm Hà', 'Huyện', 22, 0),
(201, 'Huyện Hải Hà', 'Huyện', 22, 0),
(202, 'Huyện Ba Chẽ', 'Huyện', 22, 0),
(203, 'Huyện Vân Đồn', 'Huyện', 22, 0),
(204, 'Huyện Hoành Bồ', 'Huyện', 22, 0),
(205, 'Thị xã Đông Triều', 'Thị xã', 22, 0),
(206, 'Thị xã Quảng Yên', 'Thị xã', 22, 0),
(207, 'Huyện Cô Tô', 'Huyện', 22, 0),
(213, 'Thành phố Bắc Giang', 'Thành phố', 24, 0),
(215, 'Huyện Yên Thế', 'Huyện', 24, 0),
(216, 'Huyện Tân Yên', 'Huyện', 24, 0),
(217, 'Huyện Lạng Giang', 'Huyện', 24, 0),
(218, 'Huyện Lục Nam', 'Huyện', 24, 0),
(219, 'Huyện Lục Ngạn', 'Huyện', 24, 0),
(220, 'Huyện Sơn Động', 'Huyện', 24, 0),
(221, 'Huyện Yên Dũng', 'Huyện', 24, 0),
(222, 'Huyện Việt Yên', 'Huyện', 24, 0),
(223, 'Huyện Hiệp Hòa', 'Huyện', 24, 0),
(227, 'Thành phố Việt Trì', 'Thành phố', 25, 0),
(228, 'Thị xã Phú Thọ', 'Thị xã', 25, 0),
(230, 'Huyện Đoan Hùng', 'Huyện', 25, 0),
(231, 'Huyện Hạ Hoà', 'Huyện', 25, 0),
(232, 'Huyện Thanh Ba', 'Huyện', 25, 0),
(233, 'Huyện Phù Ninh', 'Huyện', 25, 0),
(234, 'Huyện Yên Lập', 'Huyện', 25, 0),
(235, 'Huyện Cẩm Khê', 'Huyện', 25, 0),
(236, 'Huyện Tam Nông', 'Huyện', 25, 0),
(237, 'Huyện Lâm Thao', 'Huyện', 25, 0),
(238, 'Huyện Thanh Sơn', 'Huyện', 25, 0),
(239, 'Huyện Thanh Thuỷ', 'Huyện', 25, 0),
(240, 'Huyện Tân Sơn', 'Huyện', 25, 0),
(243, 'Thành phố Vĩnh Yên', 'Thành phố', 26, 0),
(244, 'Thị xã Phúc Yên', 'Thị xã', 26, 0),
(246, 'Huyện Lập Thạch', 'Huyện', 26, 0),
(247, 'Huyện Tam Dương', 'Huyện', 26, 0),
(248, 'Huyện Tam Đảo', 'Huyện', 26, 0),
(249, 'Huyện Bình Xuyên', 'Huyện', 26, 0),
(250, 'Huyện Mê Linh', 'Huyện', 1, 0),
(251, 'Huyện Yên Lạc', 'Huyện', 26, 0),
(252, 'Huyện Vĩnh Tường', 'Huyện', 26, 0),
(253, 'Huyện Sông Lô', 'Huyện', 26, 0),
(256, 'Thành phố Bắc Ninh', 'Thành phố', 27, 0),
(258, 'Huyện Yên Phong', 'Huyện', 27, 0),
(259, 'Huyện Quế Võ', 'Huyện', 27, 0),
(260, 'Huyện Tiên Du', 'Huyện', 27, 0),
(261, 'Thị xã Từ Sơn', 'Thị xã', 27, 0),
(262, 'Huyện Thuận Thành', 'Huyện', 27, 0),
(263, 'Huyện Gia Bình', 'Huyện', 27, 0),
(264, 'Huyện Lương Tài', 'Huyện', 27, 0),
(268, 'Quận Hà Đông', 'Quận', 1, 0),
(269, 'Thị xã Sơn Tây', 'Thị xã', 1, 0),
(271, 'Huyện Ba Vì', 'Huyện', 1, 0),
(272, 'Huyện Phúc Thọ', 'Huyện', 1, 0),
(273, 'Huyện Đan Phượng', 'Huyện', 1, 0),
(274, 'Huyện Hoài Đức', 'Huyện', 1, 0),
(275, 'Huyện Quốc Oai', 'Huyện', 1, 0),
(276, 'Huyện Thạch Thất', 'Huyện', 1, 0),
(277, 'Huyện Chương Mỹ', 'Huyện', 1, 0),
(278, 'Huyện Thanh Oai', 'Huyện', 1, 0),
(279, 'Huyện Thường Tín', 'Huyện', 1, 0),
(280, 'Huyện Phú Xuyên', 'Huyện', 1, 0),
(281, 'Huyện Ứng Hòa', 'Huyện', 1, 0),
(282, 'Huyện Mỹ Đức', 'Huyện', 1, 0),
(288, 'Thành phố Hải Dương', 'Thành phố', 30, 0),
(290, 'Thị xã Chí Linh', 'Thị xã', 30, 0),
(291, 'Huyện Nam Sách', 'Huyện', 30, 0),
(292, 'Huyện Kinh Môn', 'Huyện', 30, 0),
(293, 'Huyện Kim Thành', 'Huyện', 30, 0),
(294, 'Huyện Thanh Hà', 'Huyện', 30, 0),
(295, 'Huyện Cẩm Giàng', 'Huyện', 30, 0),
(296, 'Huyện Bình Giang', 'Huyện', 30, 0),
(297, 'Huyện Gia Lộc', 'Huyện', 30, 0),
(298, 'Huyện Tứ Kỳ', 'Huyện', 30, 0),
(299, 'Huyện Ninh Giang', 'Huyện', 30, 0),
(300, 'Huyện Thanh Miện', 'Huyện', 30, 0),
(303, 'Quận Hồng Bàng', 'Quận', 31, 0),
(304, 'Quận Ngô Quyền', 'Quận', 31, 0),
(305, 'Quận Lê Chân', 'Quận', 31, 0),
(306, 'Quận Hải An', 'Quận', 31, 0),
(307, 'Quận Kiến An', 'Quận', 31, 0),
(308, 'Quận Đồ Sơn', 'Quận', 31, 0),
(309, 'Quận Dương Kinh', 'Quận', 31, 0),
(311, 'Huyện Thuỷ Nguyên', 'Huyện', 31, 0),
(312, 'Huyện An Dương', 'Huyện', 31, 0),
(313, 'Huyện An Lão', 'Huyện', 31, 0),
(314, 'Huyện Kiến Thuỵ', 'Huyện', 31, 0),
(315, 'Huyện Tiên Lãng', 'Huyện', 31, 0),
(316, 'Huyện Vĩnh Bảo', 'Huyện', 31, 0),
(317, 'Huyện Cát Hải', 'Huyện', 31, 0),
(318, 'Huyện Bạch Long Vĩ', 'Huyện', 31, 0),
(323, 'Thành phố Hưng Yên', 'Thành phố', 33, 0),
(325, 'Huyện Văn Lâm', 'Huyện', 33, 0),
(326, 'Huyện Văn Giang', 'Huyện', 33, 0),
(327, 'Huyện Yên Mỹ', 'Huyện', 33, 0),
(328, 'Huyện Mỹ Hào', 'Huyện', 33, 0),
(329, 'Huyện Ân Thi', 'Huyện', 33, 0),
(330, 'Huyện Khoái Châu', 'Huyện', 33, 0),
(331, 'Huyện Kim Động', 'Huyện', 33, 0),
(332, 'Huyện Tiên Lữ', 'Huyện', 33, 0),
(333, 'Huyện Phù Cừ', 'Huyện', 33, 0),
(336, 'Thành phố Thái Bình', 'Thành phố', 34, 0),
(338, 'Huyện Quỳnh Phụ', 'Huyện', 34, 0),
(339, 'Huyện Hưng Hà', 'Huyện', 34, 0),
(340, 'Huyện Đông Hưng', 'Huyện', 34, 0),
(341, 'Huyện Thái Thụy', 'Huyện', 34, 0),
(342, 'Huyện Tiền Hải', 'Huyện', 34, 0),
(343, 'Huyện Kiến Xương', 'Huyện', 34, 0),
(344, 'Huyện Vũ Thư', 'Huyện', 34, 0),
(347, 'Thành phố Phủ Lý', 'Thành phố', 35, 0),
(349, 'Huyện Duy Tiên', 'Huyện', 35, 0),
(350, 'Huyện Kim Bảng', 'Huyện', 35, 0),
(351, 'Huyện Thanh Liêm', 'Huyện', 35, 0),
(352, 'Huyện Bình Lục', 'Huyện', 35, 0),
(353, 'Huyện Lý Nhân', 'Huyện', 35, 0),
(356, 'Thành phố Nam Định', 'Thành phố', 36, 0),
(358, 'Huyện Mỹ Lộc', 'Huyện', 36, 0),
(359, 'Huyện Vụ Bản', 'Huyện', 36, 0),
(360, 'Huyện Ý Yên', 'Huyện', 36, 0),
(361, 'Huyện Nghĩa Hưng', 'Huyện', 36, 0),
(362, 'Huyện Nam Trực', 'Huyện', 36, 0),
(363, 'Huyện Trực Ninh', 'Huyện', 36, 0),
(364, 'Huyện Xuân Trường', 'Huyện', 36, 0),
(365, 'Huyện Giao Thủy', 'Huyện', 36, 0),
(366, 'Huyện Hải Hậu', 'Huyện', 36, 0),
(369, 'Thành phố Ninh Bình', 'Thành phố', 37, 0),
(370, 'Thành phố Tam Điệp', 'Thành phố', 37, 0),
(372, 'Huyện Nho Quan', 'Huyện', 37, 0),
(373, 'Huyện Gia Viễn', 'Huyện', 37, 0),
(374, 'Huyện Hoa Lư', 'Huyện', 37, 0),
(375, 'Huyện Yên Khánh', 'Huyện', 37, 0),
(376, 'Huyện Kim Sơn', 'Huyện', 37, 0),
(377, 'Huyện Yên Mô', 'Huyện', 37, 0),
(380, 'Thành phố Thanh Hóa', 'Thành phố', 38, 0),
(381, 'Thị xã Bỉm Sơn', 'Thị xã', 38, 0),
(382, 'Thị xã Sầm Sơn', 'Thị xã', 38, 0),
(384, 'Huyện Mường Lát', 'Huyện', 38, 0),
(385, 'Huyện Quan Hóa', 'Huyện', 38, 0),
(386, 'Huyện Bá Thước', 'Huyện', 38, 0),
(387, 'Huyện Quan Sơn', 'Huyện', 38, 0),
(388, 'Huyện Lang Chánh', 'Huyện', 38, 0),
(389, 'Huyện Ngọc Lặc', 'Huyện', 38, 0),
(390, 'Huyện Cẩm Thủy', 'Huyện', 38, 0),
(391, 'Huyện Thạch Thành', 'Huyện', 38, 0),
(392, 'Huyện Hà Trung', 'Huyện', 38, 0),
(393, 'Huyện Vĩnh Lộc', 'Huyện', 38, 0),
(394, 'Huyện Yên Định', 'Huyện', 38, 0),
(395, 'Huyện Thọ Xuân', 'Huyện', 38, 0),
(396, 'Huyện Thường Xuân', 'Huyện', 38, 0),
(397, 'Huyện Triệu Sơn', 'Huyện', 38, 0),
(398, 'Huyện Thiệu Hóa', 'Huyện', 38, 0),
(399, 'Huyện Hoằng Hóa', 'Huyện', 38, 0),
(400, 'Huyện Hậu Lộc', 'Huyện', 38, 0),
(401, 'Huyện Nga Sơn', 'Huyện', 38, 0),
(402, 'Huyện Như Xuân', 'Huyện', 38, 0),
(403, 'Huyện Như Thanh', 'Huyện', 38, 0),
(404, 'Huyện Nông Cống', 'Huyện', 38, 0),
(405, 'Huyện Đông Sơn', 'Huyện', 38, 0),
(406, 'Huyện Quảng Xương', 'Huyện', 38, 0),
(407, 'Huyện Tĩnh Gia', 'Huyện', 38, 0),
(412, 'Thành phố Vinh', 'Thành phố', 40, 0),
(413, 'Thị xã Cửa Lò', 'Thị xã', 40, 0),
(414, 'Thị xã Thái Hoà', 'Thị xã', 40, 0),
(415, 'Huyện Quế Phong', 'Huyện', 40, 0),
(416, 'Huyện Quỳ Châu', 'Huyện', 40, 0),
(417, 'Huyện Kỳ Sơn', 'Huyện', 40, 0),
(418, 'Huyện Tương Dương', 'Huyện', 40, 0),
(419, 'Huyện Nghĩa Đàn', 'Huyện', 40, 0),
(420, 'Huyện Quỳ Hợp', 'Huyện', 40, 0),
(421, 'Huyện Quỳnh Lưu', 'Huyện', 40, 0),
(422, 'Huyện Con Cuông', 'Huyện', 40, 0),
(423, 'Huyện Tân Kỳ', 'Huyện', 40, 0),
(424, 'Huyện Anh Sơn', 'Huyện', 40, 0),
(425, 'Huyện Diễn Châu', 'Huyện', 40, 0),
(426, 'Huyện Yên Thành', 'Huyện', 40, 0),
(427, 'Huyện Đô Lương', 'Huyện', 40, 0),
(428, 'Huyện Thanh Chương', 'Huyện', 40, 0),
(429, 'Huyện Nghi Lộc', 'Huyện', 40, 0),
(430, 'Huyện Nam Đàn', 'Huyện', 40, 0),
(431, 'Huyện Hưng Nguyên', 'Huyện', 40, 0),
(432, 'Thị xã Hoàng Mai', 'Thị xã', 40, 0),
(436, 'Thành phố Hà Tĩnh', 'Thành phố', 42, 0),
(437, 'Thị xã Hồng Lĩnh', 'Thị xã', 42, 0),
(439, 'Huyện Hương Sơn', 'Huyện', 42, 0),
(440, 'Huyện Đức Thọ', 'Huyện', 42, 0),
(441, 'Huyện Vũ Quang', 'Huyện', 42, 0),
(442, 'Huyện Nghi Xuân', 'Huyện', 42, 0),
(443, 'Huyện Can Lộc', 'Huyện', 42, 0),
(444, 'Huyện Hương Khê', 'Huyện', 42, 0),
(445, 'Huyện Thạch Hà', 'Huyện', 42, 0),
(446, 'Huyện Cẩm Xuyên', 'Huyện', 42, 0),
(447, 'Huyện Kỳ Anh', 'Huyện', 42, 0),
(448, 'Huyện Lộc Hà', 'Huyện', 42, 0),
(449, 'Thị xã Kỳ Anh', 'Thị xã', 42, 0),
(450, 'Thành Phố Đồng Hới', 'Thành phố', 44, 0),
(452, 'Huyện Minh Hóa', 'Huyện', 44, 0),
(453, 'Huyện Tuyên Hóa', 'Huyện', 44, 0),
(454, 'Huyện Quảng Trạch', 'Thị xã', 44, 0),
(455, 'Huyện Bố Trạch', 'Huyện', 44, 0),
(456, 'Huyện Quảng Ninh', 'Huyện', 44, 0),
(457, 'Huyện Lệ Thủy', 'Huyện', 44, 0),
(458, 'Thị xã Ba Đồn', 'Huyện', 44, 0),
(461, 'Thành phố Đông Hà', 'Thành phố', 45, 0),
(462, 'Thị xã Quảng Trị', 'Thị xã', 45, 0),
(464, 'Huyện Vĩnh Linh', 'Huyện', 45, 0),
(465, 'Huyện Hướng Hóa', 'Huyện', 45, 0),
(466, 'Huyện Gio Linh', 'Huyện', 45, 0),
(467, 'Huyện Đa Krông', 'Huyện', 45, 0),
(468, 'Huyện Cam Lộ', 'Huyện', 45, 0),
(469, 'Huyện Triệu Phong', 'Huyện', 45, 0),
(470, 'Huyện Hải Lăng', 'Huyện', 45, 0),
(471, 'Huyện Cồn Cỏ', 'Huyện', 45, 0),
(474, 'Thành phố Huế', 'Thành phố', 46, 0),
(476, 'Huyện Phong Điền', 'Huyện', 46, 0),
(477, 'Huyện Quảng Điền', 'Huyện', 46, 0),
(478, 'Huyện Phú Vang', 'Huyện', 46, 0),
(479, 'Thị xã Hương Thủy', 'Thị xã', 46, 0),
(480, 'Thị xã Hương Trà', 'Thị xã', 46, 0),
(481, 'Huyện A Lưới', 'Huyện', 46, 0),
(482, 'Huyện Phú Lộc', 'Huyện', 46, 0),
(483, 'Huyện Nam Đông', 'Huyện', 46, 0),
(490, 'Quận Liên Chiểu', 'Quận', 48, 0),
(491, 'Quận Thanh Khê', 'Quận', 48, 0),
(492, 'Quận Hải Châu', 'Quận', 48, 0),
(493, 'Quận Sơn Trà', 'Quận', 48, 0),
(494, 'Quận Ngũ Hành Sơn', 'Quận', 48, 0),
(495, 'Quận Cẩm Lệ', 'Quận', 48, 0),
(497, 'Huyện Hòa Vang', 'Huyện', 48, 0),
(498, 'Huyện Hoàng Sa', 'Huyện', 48, 0),
(502, 'Thành phố Tam Kỳ', 'Thành phố', 49, 0),
(503, 'Thành phố Hội An', 'Thành phố', 49, 0),
(504, 'Huyện Tây Giang', 'Huyện', 49, 0),
(505, 'Huyện Đông Giang', 'Huyện', 49, 0),
(506, 'Huyện Đại Lộc', 'Huyện', 49, 0),
(507, 'Thị xã Điện Bàn', 'Thị xã', 49, 0),
(508, 'Huyện Duy Xuyên', 'Huyện', 49, 0),
(509, 'Huyện Quế Sơn', 'Huyện', 49, 0),
(510, 'Huyện Nam Giang', 'Huyện', 49, 0),
(511, 'Huyện Phước Sơn', 'Huyện', 49, 0),
(512, 'Huyện Hiệp Đức', 'Huyện', 49, 0),
(513, 'Huyện Thăng Bình', 'Huyện', 49, 0),
(514, 'Huyện Tiên Phước', 'Huyện', 49, 0),
(515, 'Huyện Bắc Trà My', 'Huyện', 49, 0),
(516, 'Huyện Nam Trà My', 'Huyện', 49, 0),
(517, 'Huyện Núi Thành', 'Huyện', 49, 0),
(518, 'Huyện Phú Ninh', 'Huyện', 49, 0),
(519, 'Huyện Nông Sơn', 'Huyện', 49, 0),
(522, 'Thành phố Quảng Ngãi', 'Thành phố', 51, 0),
(524, 'Huyện Bình Sơn', 'Huyện', 51, 0),
(525, 'Huyện Trà Bồng', 'Huyện', 51, 0),
(526, 'Huyện Tây Trà', 'Huyện', 51, 0),
(527, 'Huyện Sơn Tịnh', 'Huyện', 51, 0),
(528, 'Huyện Tư Nghĩa', 'Huyện', 51, 0),
(529, 'Huyện Sơn Hà', 'Huyện', 51, 0),
(530, 'Huyện Sơn Tây', 'Huyện', 51, 0),
(531, 'Huyện Minh Long', 'Huyện', 51, 0),
(532, 'Huyện Nghĩa Hành', 'Huyện', 51, 0),
(533, 'Huyện Mộ Đức', 'Huyện', 51, 0),
(534, 'Huyện Đức Phổ', 'Huyện', 51, 0),
(535, 'Huyện Ba Tơ', 'Huyện', 51, 0),
(536, 'Huyện Lý Sơn', 'Huyện', 51, 0),
(540, 'Thành phố Qui Nhơn', 'Thành phố', 52, 0),
(542, 'Huyện An Lão', 'Huyện', 52, 0),
(543, 'Huyện Hoài Nhơn', 'Huyện', 52, 0),
(544, 'Huyện Hoài Ân', 'Huyện', 52, 0),
(545, 'Huyện Phù Mỹ', 'Huyện', 52, 0),
(546, 'Huyện Vĩnh Thạnh', 'Huyện', 52, 0),
(547, 'Huyện Tây Sơn', 'Huyện', 52, 0),
(548, 'Huyện Phù Cát', 'Huyện', 52, 0),
(549, 'Thị xã An Nhơn', 'Thị xã', 52, 0),
(550, 'Huyện Tuy Phước', 'Huyện', 52, 0),
(551, 'Huyện Vân Canh', 'Huyện', 52, 0),
(555, 'Thành phố Tuy Hoà', 'Thành phố', 54, 0),
(557, 'Thị xã Sông Cầu', 'Thị xã', 54, 0),
(558, 'Huyện Đồng Xuân', 'Huyện', 54, 0),
(559, 'Huyện Tuy An', 'Huyện', 54, 0),
(560, 'Huyện Sơn Hòa', 'Huyện', 54, 0),
(561, 'Huyện Sông Hinh', 'Huyện', 54, 0),
(562, 'Huyện Tây Hoà', 'Huyện', 54, 0),
(563, 'Huyện Phú Hoà', 'Huyện', 54, 0),
(564, 'Huyện Đông Hòa', 'Huyện', 54, 0),
(568, 'Thành phố Nha Trang', 'Thành phố', 56, 0),
(569, 'Thành phố Cam Ranh', 'Thành phố', 56, 0),
(570, 'Huyện Cam Lâm', 'Huyện', 56, 0),
(571, 'Huyện Vạn Ninh', 'Huyện', 56, 0),
(572, 'Thị xã Ninh Hòa', 'Thị xã', 56, 0),
(573, 'Huyện Khánh Vĩnh', 'Huyện', 56, 0),
(574, 'Huyện Diên Khánh', 'Huyện', 56, 0),
(575, 'Huyện Khánh Sơn', 'Huyện', 56, 0),
(576, 'Huyện Trường Sa', 'Huyện', 56, 0),
(582, 'Thành phố Phan Rang-Tháp Chàm', 'Thành phố', 58, 0),
(584, 'Huyện Bác Ái', 'Huyện', 58, 0),
(585, 'Huyện Ninh Sơn', 'Huyện', 58, 0),
(586, 'Huyện Ninh Hải', 'Huyện', 58, 0),
(587, 'Huyện Ninh Phước', 'Huyện', 58, 0),
(588, 'Huyện Thuận Bắc', 'Huyện', 58, 0),
(589, 'Huyện Thuận Nam', 'Huyện', 58, 0),
(593, 'Thành phố Phan Thiết', 'Thành phố', 60, 0),
(594, 'Thị xã La Gi', 'Thị xã', 60, 0),
(595, 'Huyện Tuy Phong', 'Huyện', 60, 0),
(596, 'Huyện Bắc Bình', 'Huyện', 60, 0),
(597, 'Huyện Hàm Thuận Bắc', 'Huyện', 60, 0),
(598, 'Huyện Hàm Thuận Nam', 'Huyện', 60, 0),
(599, 'Huyện Tánh Linh', 'Huyện', 60, 0),
(600, 'Huyện Đức Linh', 'Huyện', 60, 0),
(601, 'Huyện Hàm Tân', 'Huyện', 60, 0),
(602, 'Huyện Phú Quí', 'Huyện', 60, 0),
(608, 'Thành phố Kon Tum', 'Thành phố', 62, 0),
(610, 'Huyện Đắk Glei', 'Huyện', 62, 0),
(611, 'Huyện Ngọc Hồi', 'Huyện', 62, 0),
(612, 'Huyện Đắk Tô', 'Huyện', 62, 0),
(613, 'Huyện Kon Plông', 'Huyện', 62, 0),
(614, 'Huyện Kon Rẫy', 'Huyện', 62, 0),
(615, 'Huyện Đắk Hà', 'Huyện', 62, 0),
(616, 'Huyện Sa Thầy', 'Huyện', 62, 0),
(617, 'Huyện Tu Mơ Rông', 'Huyện', 62, 0),
(618, 'Huyện Ia H\' Drai', 'Huyện', 62, 0),
(622, 'Thành phố Pleiku', 'Thành phố', 64, 0),
(623, 'Thị xã An Khê', 'Thị xã', 64, 0),
(624, 'Thị xã Ayun Pa', 'Thị xã', 64, 0),
(625, 'Huyện KBang', 'Huyện', 64, 0),
(626, 'Huyện Đăk Đoa', 'Huyện', 64, 0),
(627, 'Huyện Chư Păh', 'Huyện', 64, 0),
(628, 'Huyện Ia Grai', 'Huyện', 64, 0),
(629, 'Huyện Mang Yang', 'Huyện', 64, 0),
(630, 'Huyện Kông Chro', 'Huyện', 64, 0),
(631, 'Huyện Đức Cơ', 'Huyện', 64, 0),
(632, 'Huyện Chư Prông', 'Huyện', 64, 0),
(633, 'Huyện Chư Sê', 'Huyện', 64, 0),
(634, 'Huyện Đăk Pơ', 'Huyện', 64, 0),
(635, 'Huyện Ia Pa', 'Huyện', 64, 0),
(637, 'Huyện Krông Pa', 'Huyện', 64, 0),
(638, 'Huyện Phú Thiện', 'Huyện', 64, 0),
(639, 'Huyện Chư Pưh', 'Huyện', 64, 0),
(643, 'Thành phố Buôn Ma Thuột', 'Thành phố', 66, 0),
(644, 'Thị Xã Buôn Hồ', 'Thị xã', 66, 0),
(645, 'Huyện Ea H\'leo', 'Huyện', 66, 0),
(646, 'Huyện Ea Súp', 'Huyện', 66, 0),
(647, 'Huyện Buôn Đôn', 'Huyện', 66, 0),
(648, 'Huyện Cư M\'gar', 'Huyện', 66, 0),
(649, 'Huyện Krông Búk', 'Huyện', 66, 0),
(650, 'Huyện Krông Năng', 'Huyện', 66, 0),
(651, 'Huyện Ea Kar', 'Huyện', 66, 0),
(652, 'Huyện M\'Đrắk', 'Huyện', 66, 0),
(653, 'Huyện Krông Bông', 'Huyện', 66, 0),
(654, 'Huyện Krông Pắc', 'Huyện', 66, 0),
(655, 'Huyện Krông A Na', 'Huyện', 66, 0),
(656, 'Huyện Lắk', 'Huyện', 66, 0),
(657, 'Huyện Cư Kuin', 'Huyện', 66, 0),
(660, 'Thị xã Gia Nghĩa', 'Thị xã', 67, 0),
(661, 'Huyện Đăk Glong', 'Huyện', 67, 0),
(662, 'Huyện Cư Jút', 'Huyện', 67, 0),
(663, 'Huyện Đắk Mil', 'Huyện', 67, 0),
(664, 'Huyện Krông Nô', 'Huyện', 67, 0),
(665, 'Huyện Đắk Song', 'Huyện', 67, 0),
(666, 'Huyện Đắk R\'Lấp', 'Huyện', 67, 0),
(667, 'Huyện Tuy Đức', 'Huyện', 67, 0),
(672, 'Thành phố Đà Lạt', 'Thành phố', 68, 0),
(673, 'Thành phố Bảo Lộc', 'Thành phố', 68, 0),
(674, 'Huyện Đam Rông', 'Huyện', 68, 0),
(675, 'Huyện Lạc Dương', 'Huyện', 68, 0),
(676, 'Huyện Lâm Hà', 'Huyện', 68, 0),
(677, 'Huyện Đơn Dương', 'Huyện', 68, 0),
(678, 'Huyện Đức Trọng', 'Huyện', 68, 0),
(679, 'Huyện Di Linh', 'Huyện', 68, 0),
(680, 'Huyện Bảo Lâm', 'Huyện', 68, 0),
(681, 'Huyện Đạ Huoai', 'Huyện', 68, 0),
(682, 'Huyện Đạ Tẻh', 'Huyện', 68, 0),
(683, 'Huyện Cát Tiên', 'Huyện', 68, 0),
(688, 'Thị xã Phước Long', 'Thị xã', 70, 0),
(689, 'Thị xã Đồng Xoài', 'Thị xã', 70, 0),
(690, 'Thị xã Bình Long', 'Thị xã', 70, 0),
(691, 'Huyện Bù Gia Mập', 'Huyện', 70, 0),
(692, 'Huyện Lộc Ninh', 'Huyện', 70, 0),
(693, 'Huyện Bù Đốp', 'Huyện', 70, 0),
(694, 'Huyện Hớn Quản', 'Huyện', 70, 0),
(695, 'Huyện Đồng Phú', 'Huyện', 70, 0),
(696, 'Huyện Bù Đăng', 'Huyện', 70, 0),
(697, 'Huyện Chơn Thành', 'Huyện', 70, 0),
(698, 'Huyện Phú Riềng', 'Huyện', 70, 0),
(703, 'Thành phố Tây Ninh', 'Thành phố', 72, 0),
(705, 'Huyện Tân Biên', 'Huyện', 72, 0),
(706, 'Huyện Tân Châu', 'Huyện', 72, 0),
(707, 'Huyện Dương Minh Châu', 'Huyện', 72, 0),
(708, 'Huyện Châu Thành', 'Huyện', 72, 0),
(709, 'Huyện Hòa Thành', 'Huyện', 72, 0),
(710, 'Huyện Gò Dầu', 'Huyện', 72, 0),
(711, 'Huyện Bến Cầu', 'Huyện', 72, 0),
(712, 'Huyện Trảng Bàng', 'Huyện', 72, 0),
(718, 'Thành phố Thủ Dầu Một', 'Thành phố', 74, 0),
(719, 'Huyện Bàu Bàng', 'Huyện', 74, 0),
(720, 'Huyện Dầu Tiếng', 'Huyện', 74, 0),
(721, 'Thị xã Bến Cát', 'Thị xã', 74, 0),
(722, 'Huyện Phú Giáo', 'Huyện', 74, 0),
(723, 'Thị xã Tân Uyên', 'Thị xã', 74, 0),
(724, 'Thị xã Dĩ An', 'Thị xã', 74, 0),
(725, 'Thị xã Thuận An', 'Thị xã', 74, 0),
(726, 'Huyện Bắc Tân Uyên', 'Huyện', 74, 0),
(731, 'Thành phố Biên Hòa', 'Thành phố', 75, 0),
(732, 'Thị xã Long Khánh', 'Thị xã', 75, 0),
(734, 'Huyện Tân Phú', 'Huyện', 75, 0),
(735, 'Huyện Vĩnh Cửu', 'Huyện', 75, 0),
(736, 'Huyện Định Quán', 'Huyện', 75, 0),
(737, 'Huyện Trảng Bom', 'Huyện', 75, 0),
(738, 'Huyện Thống Nhất', 'Huyện', 75, 0),
(739, 'Huyện Cẩm Mỹ', 'Huyện', 75, 0),
(740, 'Huyện Long Thành', 'Huyện', 75, 0),
(741, 'Huyện Xuân Lộc', 'Huyện', 75, 0),
(742, 'Huyện Nhơn Trạch', 'Huyện', 75, 0),
(747, 'Thành phố Vũng Tàu', 'Thành phố', 77, 0),
(748, 'Thành phố Bà Rịa', 'Thành phố', 77, 0),
(750, 'Huyện Châu Đức', 'Huyện', 77, 0),
(751, 'Huyện Xuyên Mộc', 'Huyện', 77, 0),
(752, 'Huyện Long Điền', 'Huyện', 77, 0),
(753, 'Huyện Đất Đỏ', 'Huyện', 77, 0),
(754, 'Huyện Tân Thành', 'Huyện', 77, 0),
(755, 'Huyện Côn Đảo', 'Huyện', 77, 0),
(760, 'Quận 1', 'Quận', 79, 0),
(761, 'Quận 12', 'Quận', 79, 0),
(762, 'Quận Thủ Đức', 'Quận', 79, 0),
(763, 'Quận 9', 'Quận', 79, 0),
(764, 'Quận Gò Vấp', 'Quận', 79, 0),
(765, 'Quận Bình Thạnh', 'Quận', 79, 0),
(766, 'Quận Tân Bình', 'Quận', 79, 0),
(767, 'Quận Tân Phú', 'Quận', 79, 0),
(768, 'Quận Phú Nhuận', 'Quận', 79, 0),
(769, 'Quận 2', 'Quận', 79, 0),
(770, 'Quận 3', 'Quận', 79, 0),
(771, 'Quận 10', 'Quận', 79, 0),
(772, 'Quận 11', 'Quận', 79, 0),
(773, 'Quận 4', 'Quận', 79, 0),
(774, 'Quận 5', 'Quận', 79, 0),
(775, 'Quận 6', 'Quận', 79, 0),
(776, 'Quận 8', 'Quận', 79, 0),
(777, 'Quận Bình Tân', 'Quận', 79, 0),
(778, 'Quận 7', 'Quận', 79, 0),
(783, 'Huyện Củ Chi', 'Huyện', 79, 0),
(784, 'Huyện Hóc Môn', 'Huyện', 79, 0),
(785, 'Huyện Bình Chánh', 'Huyện', 79, 0),
(786, 'Huyện Nhà Bè', 'Huyện', 79, 0),
(787, 'Huyện Cần Giờ', 'Huyện', 79, 0),
(794, 'Thành phố Tân An', 'Thành phố', 80, 0),
(795, 'Thị xã Kiến Tường', 'Thị xã', 80, 0),
(796, 'Huyện Tân Hưng', 'Huyện', 80, 0),
(797, 'Huyện Vĩnh Hưng', 'Huyện', 80, 0),
(798, 'Huyện Mộc Hóa', 'Huyện', 80, 0),
(799, 'Huyện Tân Thạnh', 'Huyện', 80, 0),
(800, 'Huyện Thạnh Hóa', 'Huyện', 80, 0),
(801, 'Huyện Đức Huệ', 'Huyện', 80, 0),
(802, 'Huyện Đức Hòa', 'Huyện', 80, 0),
(803, 'Huyện Bến Lức', 'Huyện', 80, 0),
(804, 'Huyện Thủ Thừa', 'Huyện', 80, 0),
(805, 'Huyện Tân Trụ', 'Huyện', 80, 0),
(806, 'Huyện Cần Đước', 'Huyện', 80, 0),
(807, 'Huyện Cần Giuộc', 'Huyện', 80, 0),
(808, 'Huyện Châu Thành', 'Huyện', 80, 0),
(815, 'Thành phố Mỹ Tho', 'Thành phố', 82, 0),
(816, 'Thị xã Gò Công', 'Thị xã', 82, 0),
(817, 'Thị xã Cai Lậy', 'Huyện', 82, 0),
(818, 'Huyện Tân Phước', 'Huyện', 82, 0),
(819, 'Huyện Cái Bè', 'Huyện', 82, 0),
(820, 'Huyện Cai Lậy', 'Thị xã', 82, 0),
(821, 'Huyện Châu Thành', 'Huyện', 82, 0),
(822, 'Huyện Chợ Gạo', 'Huyện', 82, 0),
(823, 'Huyện Gò Công Tây', 'Huyện', 82, 0),
(824, 'Huyện Gò Công Đông', 'Huyện', 82, 0),
(825, 'Huyện Tân Phú Đông', 'Huyện', 82, 0),
(829, 'Thành phố Bến Tre', 'Thành phố', 83, 0),
(831, 'Huyện Châu Thành', 'Huyện', 83, 0),
(832, 'Huyện Chợ Lách', 'Huyện', 83, 0),
(833, 'Huyện Mỏ Cày Nam', 'Huyện', 83, 0),
(834, 'Huyện Giồng Trôm', 'Huyện', 83, 0),
(835, 'Huyện Bình Đại', 'Huyện', 83, 0),
(836, 'Huyện Ba Tri', 'Huyện', 83, 0),
(837, 'Huyện Thạnh Phú', 'Huyện', 83, 0),
(838, 'Huyện Mỏ Cày Bắc', 'Huyện', 83, 0),
(842, 'Thành phố Trà Vinh', 'Thành phố', 84, 0),
(844, 'Huyện Càng Long', 'Huyện', 84, 0),
(845, 'Huyện Cầu Kè', 'Huyện', 84, 0),
(846, 'Huyện Tiểu Cần', 'Huyện', 84, 0),
(847, 'Huyện Châu Thành', 'Huyện', 84, 0),
(848, 'Huyện Cầu Ngang', 'Huyện', 84, 0),
(849, 'Huyện Trà Cú', 'Huyện', 84, 0),
(850, 'Huyện Duyên Hải', 'Huyện', 84, 0),
(851, 'Thị xã Duyên Hải', 'Thị xã', 84, 0),
(855, 'Thành phố Vĩnh Long', 'Thành phố', 86, 0),
(857, 'Huyện Long Hồ', 'Huyện', 86, 0),
(858, 'Huyện Mang Thít', 'Huyện', 86, 0),
(859, 'Huyện  Vũng Liêm', 'Huyện', 86, 0),
(860, 'Huyện Tam Bình', 'Huyện', 86, 0),
(861, 'Thị xã Bình Minh', 'Thị xã', 86, 0),
(862, 'Huyện Trà Ôn', 'Huyện', 86, 0),
(863, 'Huyện Bình Tân', 'Huyện', 86, 0),
(866, 'Thành phố Cao Lãnh', 'Thành phố', 87, 0),
(867, 'Thành phố Sa Đéc', 'Thành phố', 87, 0),
(868, 'Thị xã Hồng Ngự', 'Thị xã', 87, 0),
(869, 'Huyện Tân Hồng', 'Huyện', 87, 0),
(870, 'Huyện Hồng Ngự', 'Huyện', 87, 0),
(871, 'Huyện Tam Nông', 'Huyện', 87, 0),
(872, 'Huyện Tháp Mười', 'Huyện', 87, 0),
(873, 'Huyện Cao Lãnh', 'Huyện', 87, 0),
(874, 'Huyện Thanh Bình', 'Huyện', 87, 0),
(875, 'Huyện Lấp Vò', 'Huyện', 87, 0),
(876, 'Huyện Lai Vung', 'Huyện', 87, 0),
(877, 'Huyện Châu Thành', 'Huyện', 87, 0),
(883, 'Thành phố Long Xuyên', 'Thành phố', 89, 0),
(884, 'Thành phố Châu Đốc', 'Thành phố', 89, 0),
(886, 'Huyện An Phú', 'Huyện', 89, 0),
(887, 'Thị xã Tân Châu', 'Thị xã', 89, 0),
(888, 'Huyện Phú Tân', 'Huyện', 89, 0),
(889, 'Huyện Châu Phú', 'Huyện', 89, 0),
(890, 'Huyện Tịnh Biên', 'Huyện', 89, 0),
(891, 'Huyện Tri Tôn', 'Huyện', 89, 0),
(892, 'Huyện Châu Thành', 'Huyện', 89, 0),
(893, 'Huyện Chợ Mới', 'Huyện', 89, 0),
(894, 'Huyện Thoại Sơn', 'Huyện', 89, 0),
(899, 'Thành phố Rạch Giá', 'Thành phố', 91, 0),
(900, 'Thị xã Hà Tiên', 'Thị xã', 91, 0),
(902, 'Huyện Kiên Lương', 'Huyện', 91, 0),
(903, 'Huyện Hòn Đất', 'Huyện', 91, 0),
(904, 'Huyện Tân Hiệp', 'Huyện', 91, 0),
(905, 'Huyện Châu Thành', 'Huyện', 91, 0),
(906, 'Huyện Giồng Riềng', 'Huyện', 91, 0),
(907, 'Huyện Gò Quao', 'Huyện', 91, 0),
(908, 'Huyện An Biên', 'Huyện', 91, 0),
(909, 'Huyện An Minh', 'Huyện', 91, 0),
(910, 'Huyện Vĩnh Thuận', 'Huyện', 91, 0),
(911, 'Huyện Phú Quốc', 'Huyện', 91, 0),
(912, 'Huyện Kiên Hải', 'Huyện', 91, 0),
(913, 'Huyện U Minh Thượng', 'Huyện', 91, 0),
(914, 'Huyện Giang Thành', 'Huyện', 91, 0),
(916, 'Quận Ninh Kiều', 'Quận', 92, 0),
(917, 'Quận Ô Môn', 'Quận', 92, 0),
(918, 'Quận Bình Thuỷ', 'Quận', 92, 0),
(919, 'Quận Cái Răng', 'Quận', 92, 0),
(923, 'Quận Thốt Nốt', 'Quận', 92, 0),
(924, 'Huyện Vĩnh Thạnh', 'Huyện', 92, 0),
(925, 'Huyện Cờ Đỏ', 'Huyện', 92, 0),
(926, 'Huyện Phong Điền', 'Huyện', 92, 0),
(927, 'Huyện Thới Lai', 'Huyện', 92, 0),
(930, 'Thành phố Vị Thanh', 'Thành phố', 93, 0),
(931, 'Thị xã Ngã Bảy', 'Thị xã', 93, 0),
(932, 'Huyện Châu Thành A', 'Huyện', 93, 0),
(933, 'Huyện Châu Thành', 'Huyện', 93, 0),
(934, 'Huyện Phụng Hiệp', 'Huyện', 93, 0),
(935, 'Huyện Vị Thuỷ', 'Huyện', 93, 0),
(936, 'Huyện Long Mỹ', 'Huyện', 93, 0),
(937, 'Thị xã Long Mỹ', 'Thị xã', 93, 0),
(941, 'Thành phố Sóc Trăng', 'Thành phố', 94, 0),
(942, 'Huyện Châu Thành', 'Huyện', 94, 0),
(943, 'Huyện Kế Sách', 'Huyện', 94, 0),
(944, 'Huyện Mỹ Tú', 'Huyện', 94, 0),
(945, 'Huyện Cù Lao Dung', 'Huyện', 94, 0),
(946, 'Huyện Long Phú', 'Huyện', 94, 0),
(947, 'Huyện Mỹ Xuyên', 'Huyện', 94, 0),
(948, 'Thị xã Ngã Năm', 'Thị xã', 94, 0),
(949, 'Huyện Thạnh Trị', 'Huyện', 94, 0),
(950, 'Thị xã Vĩnh Châu', 'Thị xã', 94, 0),
(951, 'Huyện Trần Đề', 'Huyện', 94, 0),
(954, 'Thành phố Bạc Liêu', 'Thành phố', 95, 0),
(956, 'Huyện Hồng Dân', 'Huyện', 95, 0),
(957, 'Huyện Phước Long', 'Huyện', 95, 0),
(958, 'Huyện Vĩnh Lợi', 'Huyện', 95, 0),
(959, 'Thị xã Giá Rai', 'Thị xã', 95, 0),
(960, 'Huyện Đông Hải', 'Huyện', 95, 0),
(961, 'Huyện Hoà Bình', 'Huyện', 95, 0),
(964, 'Thành phố Cà Mau', 'Thành phố', 96, 0),
(966, 'Huyện U Minh', 'Huyện', 96, 0),
(967, 'Huyện Thới Bình', 'Huyện', 96, 0),
(968, 'Huyện Trần Văn Thời', 'Huyện', 96, 0),
(969, 'Huyện Cái Nước', 'Huyện', 96, 0),
(970, 'Huyện Đầm Dơi', 'Huyện', 96, 0),
(971, 'Huyện Năm Căn', 'Huyện', 96, 0),
(972, 'Huyện Phú Tân', 'Huyện', 96, 0),
(973, 'Huyện Ngọc Hiển', 'Huyện', 96, 0);

-- --------------------------------------------------------

--
-- Table structure for table `mark`
--

CREATE TABLE `mark` (
  `id` int(11) NOT NULL,
  `subjectId` varchar(20) NOT NULL,
  `studentId` varchar(20) NOT NULL,
  `mark` float NOT NULL,
  `userIdCreated` int(11) DEFAULT NULL,
  `dateCreated` date DEFAULT NULL,
  `userIdUpdated` int(11) DEFAULT NULL,
  `dateUpdated` date DEFAULT NULL,
  `numberEdit` int(11) DEFAULT NULL,
  `status` int(11) DEFAULT NULL,
  `deleted` int(11) DEFAULT '0'
) ENGINE=InnoDB DEFAULT CHARSET=utf8;

--
-- Dumping data for table `mark`
--

INSERT INTO `mark` (`id`, `subjectId`, `studentId`, `mark`, `userIdCreated`, `dateCreated`, `userIdUpdated`, `dateUpdated`, `numberEdit`, `status`, `deleted`) VALUES
(1, 'Subject10003', 'Student10004', 10, 5, '2019-05-30', NULL, NULL, NULL, 0, 0),
(2, 'Subject10002', 'Student10000', 9, 5, '2019-05-30', 5, '2019-05-30', 2, 0, 1);

-- --------------------------------------------------------

--
-- Table structure for table `provind`
--

CREATE TABLE `provind` (
  `id` int(5) NOT NULL,
  `provindName` varchar(100) CHARACTER SET utf8 NOT NULL,
  `type` varchar(30) CHARACTER SET utf8 NOT NULL,
  `checked` int(11) NOT NULL
) ENGINE=InnoDB DEFAULT CHARSET=latin1 ROW_FORMAT=COMPACT;

--
-- Dumping data for table `provind`
--

INSERT INTO `provind` (`id`, `provindName`, `type`, `checked`) VALUES
(1, 'Thành phố Hà Nội', 'Thành phố Trung ương', 0),
(2, 'Tỉnh Hà Giang', 'Tỉnh', 0),
(4, 'Tỉnh Cao Bằng', 'Tỉnh', 0),
(6, 'Tỉnh Bắc Kạn', 'Tỉnh', 0),
(8, 'Tỉnh Tuyên Quang', 'Tỉnh', 0),
(10, 'Tỉnh Lào Cai', 'Tỉnh', 0),
(11, 'Tỉnh Điện Biên', 'Tỉnh', 0),
(12, 'Tỉnh Lai Châu', 'Tỉnh', 0),
(14, 'Tỉnh Sơn La', 'Tỉnh', 0),
(15, 'Tỉnh Yên Bái', 'Tỉnh', 0),
(17, 'Tỉnh Hoà Bình', 'Tỉnh', 0),
(19, 'Tỉnh Thái Nguyên', 'Tỉnh', 0),
(20, 'Tỉnh Lạng Sơn', 'Tỉnh', 0),
(22, 'Tỉnh Quảng Ninh', 'Tỉnh', 0),
(24, 'Tỉnh Bắc Giang', 'Tỉnh', 0),
(25, 'Tỉnh Phú Thọ', 'Tỉnh', 0),
(26, 'Tỉnh Vĩnh Phúc', 'Tỉnh', 0),
(27, 'Tỉnh Bắc Ninh', 'Tỉnh', 0),
(30, 'Tỉnh Hải Dương', 'Tỉnh', 0),
(31, 'Thành phố Hải Phòng', 'Thành phố Trung ương', 0),
(33, 'Tỉnh Hưng Yên', 'Tỉnh', 0),
(34, 'Tỉnh Thái Bình', 'Tỉnh', 0),
(35, 'Tỉnh Hà Nam', 'Tỉnh', 0),
(36, 'Tỉnh Nam Định', 'Tỉnh', 0),
(37, 'Tỉnh Ninh Bình', 'Tỉnh', 0),
(38, 'Tỉnh Thanh Hóa', 'Tỉnh', 0),
(40, 'Tỉnh Nghệ An', 'Tỉnh', 0),
(42, 'Tỉnh Hà Tĩnh', 'Tỉnh', 0),
(44, 'Tỉnh Quảng Bình', 'Tỉnh', 0),
(45, 'Tỉnh Quảng Trị', 'Tỉnh', 0),
(46, 'Tỉnh Thừa Thiên Huế', 'Tỉnh', 0),
(48, 'Thành phố Đà Nẵng', 'Thành phố Trung ương', 0),
(49, 'Tỉnh Quảng Nam', 'Tỉnh', 0),
(51, 'Tỉnh Quảng Ngãi', 'Tỉnh', 0),
(52, 'Tỉnh Bình Định', 'Tỉnh', 0),
(54, 'Tỉnh Phú Yên', 'Tỉnh', 0),
(56, 'Tỉnh Khánh Hòa', 'Tỉnh', 0),
(58, 'Tỉnh Ninh Thuận', 'Tỉnh', 0),
(60, 'Tỉnh Bình Thuận', 'Tỉnh', 0),
(62, 'Tỉnh Kon Tum', 'Tỉnh', 0),
(64, 'Tỉnh Gia Lai', 'Tỉnh', 0),
(66, 'Tỉnh Đắk Lắk', 'Tỉnh', 0),
(67, 'Tỉnh Đắk Nông', 'Tỉnh', 0),
(68, 'Tỉnh Lâm Đồng', 'Tỉnh', 0),
(70, 'Tỉnh Bình Phước', 'Tỉnh', 0),
(72, 'Tỉnh Tây Ninh', 'Tỉnh', 0),
(74, 'Tỉnh Bình Dương', 'Tỉnh', 0),
(75, 'Tỉnh Đồng Nai', 'Tỉnh', 0),
(77, 'Tỉnh Bà Rịa - Vũng Tàu', 'Tỉnh', 0),
(79, 'Thành phố Hồ Chí Minh', 'Thành phố Trung ương', 0),
(80, 'Tỉnh Long An', 'Tỉnh', 0),
(82, 'Tỉnh Tiền Giang', 'Tỉnh', 0),
(83, 'Tỉnh Bến Tre', 'Tỉnh', 0),
(84, 'Tỉnh Trà Vinh', 'Tỉnh', 0),
(86, 'Tỉnh Vĩnh Long', 'Tỉnh', 0),
(87, 'Tỉnh Đồng Tháp', 'Tỉnh', 0),
(89, 'Tỉnh An Giang', 'Tỉnh', 0),
(91, 'Tỉnh Kiên Giang', 'Tỉnh', 0),
(92, 'Thành phố Cần Thơ', 'Thành phố Trung ương', 0),
(93, 'Tỉnh Hậu Giang', 'Tỉnh', 0),
(94, 'Tỉnh Sóc Trăng', 'Tỉnh', 0),
(95, 'Tỉnh Bạc Liêu', 'Tỉnh', 0),
(96, 'Tỉnh Cà Mau', 'Tỉnh', 0);

-- --------------------------------------------------------

--
-- Table structure for table `student`
--

CREATE TABLE `student` (
  `id` int(11) NOT NULL,
  `studentCode` varchar(20) NOT NULL,
  `name` varchar(80) NOT NULL,
  `dob` date NOT NULL,
  `addressId` int(11) DEFAULT NULL,
  `addressDetail` varchar(250) NOT NULL,
  `identity` bigint(12) DEFAULT NULL,
  `phoneNumber` int(9) DEFAULT NULL,
  `gender` int(11) DEFAULT NULL,
  `email` varchar(100) DEFAULT NULL,
  `status` int(11) DEFAULT NULL,
  `userIdCreated` int(11) DEFAULT NULL,
  `dateCreated` date DEFAULT NULL,
  `userIdUpdated` int(11) DEFAULT NULL,
  `dateUpdated` date DEFAULT NULL,
  `numberEdit` int(11) DEFAULT NULL,
  `deleted` int(11) DEFAULT '0'
) ENGINE=InnoDB DEFAULT CHARSET=utf8;

--
-- Dumping data for table `student`
--

INSERT INTO `student` (`id`, `studentCode`, `name`, `dob`, `addressId`, `addressDetail`, `identity`, `phoneNumber`, `gender`, `email`, `status`, `userIdCreated`, `dateCreated`, `userIdUpdated`, `dateUpdated`, `numberEdit`, `deleted`) VALUES
(1, 'Student10000', 'ddd', '1999-10-26', 17, 'Ha Noi, Ha Noi', 11323, 334924847, 0, 'PhuongNMD00539@fpt.edu.vn', 0, 17, '2019-05-29', 5, '2019-05-30', 0, 1),
(2, 'Student10001', 'Nguyá»?n Minh PhÆ°Æ¡ng', '1999-10-26', 18, 'Ha Noi, Ha Noi', 11323, 334924847, 0, 'PhuongNMD00539@fpt.edu.vn', 0, 5, '2019-05-29', NULL, NULL, NULL, 1),
(3, 'Student10002', 'Nguyá»?n Minh PhÆ°Æ¡ng', '1999-10-26', 20, 'Ha Noi, Ha Noi', 11323, 334924847, 0, 'PhuongNMD00539@fpt.edu.vn', 0, 5, '2019-05-29', NULL, NULL, NULL, 1),
(4, 'Student10003', 'Nguy?n Minh Ph??ng', '1999-12-18', 21, 'Ha Noi, Ha Noi', 11323, 334924847, 0, 'PhuongNMD00539@fpt.edu.vn', 0, 5, '2019-05-29', NULL, NULL, NULL, 1),
(5, 'Student10004', 'hhh', '1999-02-15', 25, 'Ha Noi, Ha Noi', 11323, 334924847, 1, 'vpa.ken', 1, 5, '2019-05-30', 5, '2019-05-30', 1, 1);

-- --------------------------------------------------------

--
-- Table structure for table `subjects`
--

CREATE TABLE `subjects` (
  `id` int(11) NOT NULL,
  `subjectCode` varchar(20) NOT NULL,
  `subjectName` varchar(100) NOT NULL,
  `userIdCreated` int(11) DEFAULT NULL,
  `dateCreated` date DEFAULT NULL,
  `userIdUpdated` int(11) DEFAULT NULL,
  `dateUpdated` date DEFAULT NULL,
  `numberEdit` int(11) DEFAULT NULL,
  `status` int(11) DEFAULT NULL,
  `deleted` int(11) DEFAULT '0'
) ENGINE=InnoDB DEFAULT CHARSET=utf8;

--
-- Dumping data for table `subjects`
--

INSERT INTO `subjects` (`id`, `subjectCode`, `subjectName`, `userIdCreated`, `dateCreated`, `userIdUpdated`, `dateUpdated`, `numberEdit`, `status`, `deleted`) VALUES
(1, 'HÃ³a', 'HÃ³a', 0, NULL, NULL, NULL, NULL, 0, 1),
(2, 'ToÃ¡n', 'ToÃ¡n', 0, NULL, NULL, NULL, NULL, 0, 1),
(3, 'Subject10002', 'ToÃ¡n', 0, NULL, NULL, NULL, NULL, 0, 0),
(4, 'Subject10003', 'HÃ³a', 5, '2019-05-30', 5, '2019-05-30', 4, 0, 0);

-- --------------------------------------------------------

--
-- Table structure for table `town`
--

CREATE TABLE `town` (
  `id` int(5) NOT NULL,
  `townName` varchar(100) CHARACTER SET utf8 NOT NULL,
  `type` varchar(30) CHARACTER SET utf8 NOT NULL,
  `districtId` int(5) NOT NULL,
  `checked` int(11) NOT NULL
) ENGINE=InnoDB DEFAULT CHARSET=latin1;

--
-- Dumping data for table `town`
--

INSERT INTO `town` (`id`, `townName`, `type`, `districtId`, `checked`) VALUES
(1, 'Phường Phúc Xá', 'Phường', 1, 0),
(4, 'Phường Trúc Bạch', 'Phường', 1, 0),
(6, 'Phường Vĩnh Phúc', 'Phường', 1, 0),
(7, 'Phường Cống Vị', 'Phường', 1, 0),
(8, 'Phường Liễu Giai', 'Phường', 1, 0),
(10, 'Phường Nguyễn Trung Trực', 'Phường', 1, 0),
(13, 'Phường Quán Thánh', 'Phường', 1, 0),
(16, 'Phường Ngọc Hà', 'Phường', 1, 0),
(19, 'Phường Điện Biên', 'Phường', 1, 0),
(22, 'Phường Đội Cấn', 'Phường', 1, 0),
(25, 'Phường Ngọc Khánh', 'Phường', 1, 0),
(28, 'Phường Kim Mã', 'Phường', 1, 0),
(31, 'Phường Giảng Võ', 'Phường', 1, 0),
(34, 'Phường Thành Công', 'Phường', 1, 0),
(37, 'Phường Phúc Tân', 'Phường', 2, 0),
(40, 'Phường Đồng Xuân', 'Phường', 2, 0),
(43, 'Phường Hàng Mã', 'Phường', 2, 0),
(46, 'Phường Hàng Buồm', 'Phường', 2, 0),
(49, 'Phường Hàng Đào', 'Phường', 2, 0),
(52, 'Phường Hàng Bồ', 'Phường', 2, 0),
(55, 'Phường Cửa Đông', 'Phường', 2, 0),
(58, 'Phường Lý Thái Tổ', 'Phường', 2, 0),
(61, 'Phường Hàng Bạc', 'Phường', 2, 0),
(64, 'Phường Hàng Gai', 'Phường', 2, 0),
(67, 'Phường Chương Dương Độ', 'Phường', 2, 0),
(70, 'Phường Hàng Trống', 'Phường', 2, 0),
(73, 'Phường Cửa Nam', 'Phường', 2, 0),
(76, 'Phường Hàng Bông', 'Phường', 2, 0),
(79, 'Phường Tràng Tiền', 'Phường', 2, 0),
(82, 'Phường Trần Hưng Đạo', 'Phường', 2, 0),
(85, 'Phường Phan Chu Trinh', 'Phường', 2, 0),
(88, 'Phường Hàng Bài', 'Phường', 2, 0),
(91, 'Phường Phú Thượng', 'Phường', 3, 0),
(94, 'Phường Nhật Tân', 'Phường', 3, 0),
(97, 'Phường Tứ Liên', 'Phường', 3, 0),
(100, 'Phường Quảng An', 'Phường', 3, 0),
(103, 'Phường Xuân La', 'Phường', 3, 0),
(106, 'Phường Yên Phụ', 'Phường', 3, 0),
(109, 'Phường Bưởi', 'Phường', 3, 0),
(112, 'Phường Thụy Khuê', 'Phường', 3, 0),
(115, 'Phường Thượng Thanh', 'Phường', 4, 0),
(118, 'Phường Ngọc Thụy', 'Phường', 4, 0),
(121, 'Phường Giang Biên', 'Phường', 4, 0),
(124, 'Phường Đức Giang', 'Phường', 4, 0),
(127, 'Phường Việt Hưng', 'Phường', 4, 0),
(130, 'Phường Gia Thụy', 'Phường', 4, 0),
(133, 'Phường Ngọc Lâm', 'Phường', 4, 0),
(136, 'Phường Phúc Lợi', 'Phường', 4, 0),
(139, 'Phường Bồ Đề', 'Phường', 4, 0),
(142, 'Phường Sài Đồng', 'Phường', 4, 0),
(145, 'Phường Long Biên', 'Phường', 4, 0),
(148, 'Phường Thạch Bàn', 'Phường', 4, 0),
(151, 'Phường Phúc Đồng', 'Phường', 4, 0),
(154, 'Phường Cự Khối', 'Phường', 4, 0),
(157, 'Phường Nghĩa Đô', 'Phường', 5, 0),
(160, 'Phường Nghĩa Tân', 'Phường', 5, 0),
(163, 'Phường Mai Dịch', 'Phường', 5, 0),
(166, 'Phường Dịch Vọng', 'Phường', 5, 0),
(167, 'Phường Dịch Vọng Hậu', 'Phường', 5, 0),
(169, 'Phường Quan Hoa', 'Phường', 5, 0),
(172, 'Phường Yên Hoà', 'Phường', 5, 0),
(175, 'Phường Trung Hoà', 'Phường', 5, 0),
(178, 'Phường Cát Linh', 'Phường', 6, 0),
(181, 'Phường Văn Miếu', 'Phường', 6, 0),
(184, 'Phường Quốc Tử Giám', 'Phường', 6, 0),
(187, 'Phường Láng Thượng', 'Phường', 6, 0),
(190, 'Phường Ô Chợ Dừa', 'Phường', 6, 0),
(193, 'Phường Văn Chương', 'Phường', 6, 0),
(196, 'Phường Hàng Bột', 'Phường', 6, 0),
(199, 'Phường Láng Hạ', 'Phường', 6, 0),
(202, 'Phường Khâm Thiên', 'Phường', 6, 0),
(205, 'Phường Thổ Quan', 'Phường', 6, 0),
(208, 'Phường Nam Đồng', 'Phường', 6, 0),
(211, 'Phường Trung Phụng', 'Phường', 6, 0),
(214, 'Phường Quang Trung', 'Phường', 6, 0),
(217, 'Phường Trung Liệt', 'Phường', 6, 0),
(220, 'Phường Phương Liên', 'Phường', 6, 0),
(223, 'Phường Thịnh Quang', 'Phường', 6, 0),
(226, 'Phường Trung Tự', 'Phường', 6, 0),
(229, 'Phường Kim Liên', 'Phường', 6, 0),
(232, 'Phường Phương Mai', 'Phường', 6, 0),
(235, 'Phường Ngã Tư Sở', 'Phường', 6, 0),
(238, 'Phường Khương Thượng', 'Phường', 6, 0),
(241, 'Phường Nguyễn Du', 'Phường', 7, 0),
(244, 'Phường Bạch Đằng', 'Phường', 7, 0),
(247, 'Phường Phạm Đình Hổ', 'Phường', 7, 0),
(250, 'Phường Bùi Thị Xuân', 'Phường', 7, 0),
(253, 'Phường Ngô Thì Nhậm', 'Phường', 7, 0),
(256, 'Phường Lê Đại Hành', 'Phường', 7, 0),
(259, 'Phường Đồng Nhân', 'Phường', 7, 0),
(262, 'Phường Phố Huế', 'Phường', 7, 0),
(265, 'Phường Đống Mác', 'Phường', 7, 0),
(268, 'Phường Thanh Lương', 'Phường', 7, 0),
(271, 'Phường Thanh Nhàn', 'Phường', 7, 0),
(274, 'Phường Cầu Dền', 'Phường', 7, 0),
(277, 'Phường Bách Khoa', 'Phường', 7, 0),
(280, 'Phường Đồng Tâm', 'Phường', 7, 0),
(283, 'Phường Vĩnh Tuy', 'Phường', 7, 0),
(286, 'Phường Bạch Mai', 'Phường', 7, 0),
(289, 'Phường Quỳnh Mai', 'Phường', 7, 0),
(292, 'Phường Quỳnh Lôi', 'Phường', 7, 0),
(295, 'Phường Minh Khai', 'Phường', 7, 0),
(298, 'Phường Trương Định', 'Phường', 7, 0),
(301, 'Phường Thanh Trì', 'Phường', 8, 0),
(304, 'Phường Vĩnh Hưng', 'Phường', 8, 0),
(307, 'Phường Định Công', 'Phường', 8, 0),
(310, 'Phường Mai Động', 'Phường', 8, 0),
(313, 'Phường Tương Mai', 'Phường', 8, 0),
(316, 'Phường Đại Kim', 'Phường', 8, 0),
(319, 'Phường Tân Mai', 'Phường', 8, 0),
(322, 'Phường Hoàng Văn Thụ', 'Phường', 8, 0),
(325, 'Phường Giáp Bát', 'Phường', 8, 0),
(328, 'Phường Lĩnh Nam', 'Phường', 8, 0),
(331, 'Phường Thịnh Liệt', 'Phường', 8, 0),
(334, 'Phường Trần Phú', 'Phường', 8, 0),
(337, 'Phường Hoàng Liệt', 'Phường', 8, 0),
(340, 'Phường Yên Sở', 'Phường', 8, 0),
(343, 'Phường Nhân Chính', 'Phường', 9, 0),
(346, 'Phường Thượng Đình', 'Phường', 9, 0),
(349, 'Phường Khương Trung', 'Phường', 9, 0),
(352, 'Phường Khương Mai', 'Phường', 9, 0),
(355, 'Phường Thanh Xuân Trung', 'Phường', 9, 0),
(358, 'Phường Phương Liệt', 'Phường', 9, 0),
(361, 'Phường Hạ Đình', 'Phường', 9, 0),
(364, 'Phường Khương Đình', 'Phường', 9, 0),
(367, 'Phường Thanh Xuân Bắc', 'Phường', 9, 0),
(370, 'Phường Thanh Xuân Nam', 'Phường', 9, 0),
(373, 'Phường Kim Giang', 'Phường', 9, 0),
(376, 'Thị trấn Sóc Sơn', 'Thị trấn', 16, 0),
(379, 'Xã Bắc Sơn', 'Xã', 16, 0),
(382, 'Xã Minh Trí', 'Xã', 16, 0),
(385, 'Xã Hồng Kỳ', 'Xã', 16, 0),
(388, 'Xã Nam Sơn', 'Xã', 16, 0),
(391, 'Xã Trung Giã', 'Xã', 16, 0),
(394, 'Xã Tân Hưng', 'Xã', 16, 0),
(397, 'Xã Minh Phú', 'Xã', 16, 0),
(400, 'Xã Phù Linh', 'Xã', 16, 0),
(403, 'Xã Bắc Phú', 'Xã', 16, 0),
(406, 'Xã Tân Minh', 'Xã', 16, 0),
(409, 'Xã Quang Tiến', 'Xã', 16, 0),
(412, 'Xã Hiền Ninh', 'Xã', 16, 0),
(415, 'Xã Tân Dân', 'Xã', 16, 0),
(418, 'Xã Tiên Dược', 'Xã', 16, 0),
(421, 'Xã Việt Long', 'Xã', 16, 0),
(424, 'Xã Xuân Giang', 'Xã', 16, 0),
(427, 'Xã Mai Đình', 'Xã', 16, 0),
(430, 'Xã Đức Hoà', 'Xã', 16, 0),
(433, 'Xã Thanh Xuân', 'Xã', 16, 0),
(436, 'Xã Đông Xuân', 'Xã', 16, 0),
(439, 'Xã Kim Lũ', 'Xã', 16, 0),
(442, 'Xã Phú Cường', 'Xã', 16, 0),
(445, 'Xã Phú Minh', 'Xã', 16, 0),
(448, 'Xã Phù Lỗ', 'Xã', 16, 0),
(451, 'Xã Xuân Thu', 'Xã', 16, 0),
(454, 'Thị trấn Đông Anh', 'Thị trấn', 17, 0),
(457, 'Xã Xuân Nộn', 'Xã', 17, 0),
(460, 'Xã Thuỵ Lâm', 'Xã', 17, 0),
(463, 'Xã Bắc Hồng', 'Xã', 17, 0),
(466, 'Xã Nguyên Khê', 'Xã', 17, 0),
(469, 'Xã Nam Hồng', 'Xã', 17, 0),
(472, 'Xã Tiên Dương', 'Xã', 17, 0),
(475, 'Xã Vân Hà', 'Xã', 17, 0),
(478, 'Xã Uy Nỗ', 'Xã', 17, 0),
(481, 'Xã Vân Nội', 'Xã', 17, 0),
(484, 'Xã Liên Hà', 'Xã', 17, 0),
(487, 'Xã Việt Hùng', 'Xã', 17, 0),
(490, 'Xã Kim Nỗ', 'Xã', 17, 0),
(493, 'Xã Kim Chung', 'Xã', 17, 0),
(496, 'Xã Dục Tú', 'Xã', 17, 0),
(499, 'Xã Đại Mạch', 'Xã', 17, 0),
(502, 'Xã Vĩnh Ngọc', 'Xã', 17, 0),
(505, 'Xã Cổ Loa', 'Xã', 17, 0),
(508, 'Xã Hải Bối', 'Xã', 17, 0),
(511, 'Xã Xuân Canh', 'Xã', 17, 0),
(514, 'Xã Võng La', 'Xã', 17, 0),
(517, 'Xã Tầm Xá', 'Xã', 17, 0),
(520, 'Xã Mai Lâm', 'Xã', 17, 0),
(523, 'Xã Đông Hội', 'Xã', 17, 0),
(526, 'Thị trấn Yên Viên', 'Thị trấn', 18, 0),
(529, 'Xã Yên Thường', 'Xã', 18, 0),
(532, 'Xã Yên Viên', 'Xã', 18, 0),
(535, 'Xã Ninh Hiệp', 'Xã', 18, 0),
(538, 'Xã Đình Xuyên', 'Xã', 18, 0),
(541, 'Xã Dương Hà', 'Xã', 18, 0),
(544, 'Xã Phù Đổng', 'Xã', 18, 0),
(547, 'Xã Trung Mầu', 'Xã', 18, 0),
(550, 'Xã Lệ Chi', 'Xã', 18, 0),
(553, 'Xã Cổ Bi', 'Xã', 18, 0),
(556, 'Xã Đặng Xá', 'Xã', 18, 0),
(559, 'Xã Phú Thị', 'Xã', 18, 0),
(562, 'Xã Kim Sơn', 'Xã', 18, 0),
(565, 'Thị trấn Trâu Quỳ', 'Thị trấn', 18, 0),
(568, 'Xã Dương Quang', 'Xã', 18, 0),
(571, 'Xã Dương Xá', 'Xã', 18, 0),
(574, 'Xã Đông Dư', 'Xã', 18, 0),
(577, 'Xã Đa Tốn', 'Xã', 18, 0),
(580, 'Xã Kiêu Kỵ', 'Xã', 18, 0),
(583, 'Xã Bát Tràng', 'Xã', 18, 0),
(586, 'Xã Kim Lan', 'Xã', 18, 0),
(589, 'Xã Văn Đức', 'Xã', 18, 0),
(592, 'Phường Cầu Diễn', 'Phường', 19, 0),
(595, 'Phường Thượng Cát', 'Phường', 21, 0),
(598, 'Phường Liên Mạc', 'Phường', 21, 0),
(601, 'Phường Đông Ngạc', 'Phường', 21, 0),
(602, 'Phường Đức Thắng', 'Phường', 21, 0),
(604, 'Phường Thụy Phương', 'Phường', 21, 0),
(607, 'Phường Tây Tựu', 'Phường', 21, 0),
(610, 'Phường Xuân Đỉnh', 'Phường', 21, 0),
(611, 'Phường Xuân Tảo', 'Phường', 21, 0),
(613, 'Phường Minh Khai', 'Phường', 21, 0),
(616, 'Phường Cổ Nhuế 1', 'Phường', 21, 0),
(617, 'Phường Cổ Nhuế 2', 'Phường', 21, 0),
(619, 'Phường Phú Diễn', 'Phường', 21, 0),
(620, 'Phường Phúc Diễn', 'Phường', 21, 0),
(622, 'Phường Xuân Phương', 'Phường', 19, 0),
(623, 'Phường Phương Canh', 'Phường', 19, 0),
(625, 'Phường Mỹ Đình 1', 'Phường', 19, 0),
(626, 'Phường Mỹ Đình 2', 'Phường', 19, 0),
(628, 'Phường Tây Mỗ', 'Phường', 19, 0),
(631, 'Phường Mễ Trì', 'Phường', 19, 0),
(632, 'Phường Phú Đô', 'Phường', 19, 0),
(634, 'Phường Đại Mỗ', 'Phường', 19, 0),
(637, 'Phường Trung Văn', 'Phường', 19, 0),
(640, 'Thị trấn Văn Điển', 'Thị trấn', 20, 0),
(643, 'Xã Tân Triều', 'Xã', 20, 0),
(646, 'Xã Thanh Liệt', 'Xã', 20, 0),
(649, 'Xã Tả Thanh Oai', 'Xã', 20, 0),
(652, 'Xã Hữu Hoà', 'Xã', 20, 0),
(655, 'Xã Tam Hiệp', 'Xã', 20, 0),
(658, 'Xã Tứ Hiệp', 'Xã', 20, 0),
(661, 'Xã Yên Mỹ', 'Xã', 20, 0),
(664, 'Xã Vĩnh Quỳnh', 'Xã', 20, 0),
(667, 'Xã Ngũ Hiệp', 'Xã', 20, 0),
(670, 'Xã Duyên Hà', 'Xã', 20, 0),
(673, 'Xã Ngọc Hồi', 'Xã', 20, 0),
(676, 'Xã Vạn Phúc', 'Xã', 20, 0),
(679, 'Xã Đại áng', 'Xã', 20, 0),
(682, 'Xã Liên Ninh', 'Xã', 20, 0),
(685, 'Xã Đông Mỹ', 'Xã', 20, 0),
(688, 'Phường Quang Trung', 'Phường', 24, 0),
(691, 'Phường Trần Phú', 'Phường', 24, 0),
(692, 'Phường Ngọc Hà', 'Phường', 24, 0),
(694, 'Phường Nguyễn Trãi', 'Phường', 24, 0),
(697, 'Phường Minh Khai', 'Phường', 24, 0),
(700, 'Xã Ngọc Đường', 'Xã', 24, 0),
(703, 'Xã Kim Thạch', 'Xã', 30, 0),
(706, 'Xã Phú Linh', 'Xã', 30, 0),
(709, 'Xã Kim Linh', 'Xã', 30, 0),
(712, 'Thị trấn Phó Bảng', 'Thị trấn', 26, 0),
(715, 'Xã Lũng Cú', 'Xã', 26, 0),
(718, 'Xã Má Lé', 'Xã', 26, 0),
(721, 'Thị trấn Đồng Văn', 'Thị trấn', 26, 0),
(724, 'Xã Lũng Táo', 'Xã', 26, 0),
(727, 'Xã Phố Là', 'Xã', 26, 0),
(730, 'Xã Thài Phìn Tủng', 'Xã', 26, 0),
(733, 'Xã Sủng Là', 'Xã', 26, 0),
(736, 'Xã Xà Phìn', 'Xã', 26, 0),
(739, 'Xã Tả Phìn', 'Xã', 26, 0),
(742, 'Xã Tả Lủng', 'Xã', 26, 0),
(745, 'Xã Phố Cáo', 'Xã', 26, 0),
(748, 'Xã Sính Lủng', 'Xã', 26, 0),
(751, 'Xã Sảng Tủng', 'Xã', 26, 0),
(754, 'Xã Lũng Thầu', 'Xã', 26, 0),
(757, 'Xã Hố Quáng Phìn', 'Xã', 26, 0),
(760, 'Xã Vần Chải', 'Xã', 26, 0),
(763, 'Xã Lũng Phìn', 'Xã', 26, 0),
(766, 'Xã Sủng Trái', 'Xã', 26, 0),
(769, 'Thị trấn Mèo Vạc', 'Thị trấn', 27, 0),
(772, 'Xã Thượng Phùng', 'Xã', 27, 0),
(775, 'Xã Pải Lủng', 'Xã', 27, 0),
(778, 'Xã Xín Cái', 'Xã', 27, 0),
(781, 'Xã Pả Vi', 'Xã', 27, 0),
(784, 'Xã Giàng Chu Phìn', 'Xã', 27, 0),
(787, 'Xã Sủng Trà', 'Xã', 27, 0),
(790, 'Xã Sủng Máng', 'Xã', 27, 0),
(793, 'Xã Sơn Vĩ', 'Xã', 27, 0),
(796, 'Xã Tả Lủng', 'Xã', 27, 0),
(799, 'Xã Cán Chu Phìn', 'Xã', 27, 0),
(802, 'Xã Lũng Pù', 'Xã', 27, 0),
(805, 'Xã Lũng Chinh', 'Xã', 27, 0),
(808, 'Xã Tát Ngà', 'Xã', 27, 0),
(811, 'Xã Nậm Ban', 'Xã', 27, 0),
(814, 'Xã Khâu Vai', 'Xã', 27, 0),
(815, 'Xã Niêm Tòng', 'Xã', 27, 0),
(817, 'Xã Niêm Sơn', 'Xã', 27, 0),
(820, 'Thị trấn Yên Minh', 'Thị trấn', 28, 0),
(823, 'Xã Thắng Mố', 'Xã', 28, 0),
(826, 'Xã Phú Lũng', 'Xã', 28, 0),
(829, 'Xã Sủng Tráng', 'Xã', 28, 0),
(832, 'Xã Bạch Đích', 'Xã', 28, 0),
(835, 'Xã Na Khê', 'Xã', 28, 0),
(838, 'Xã Sủng Thài', 'Xã', 28, 0),
(841, 'Xã Hữu Vinh', 'Xã', 28, 0),
(844, 'Xã Lao Và Chải', 'Xã', 28, 0),
(847, 'Xã Mậu Duệ', 'Xã', 28, 0),
(850, 'Xã Đông Minh', 'Xã', 28, 0),
(853, 'Xã Mậu Long', 'Xã', 28, 0),
(856, 'Xã Ngam La', 'Xã', 28, 0),
(859, 'Xã Ngọc Long', 'Xã', 28, 0),
(862, 'Xã Đường Thượng', 'Xã', 28, 0),
(865, 'Xã Lũng Hồ', 'Xã', 28, 0),
(868, 'Xã Du Tiến', 'Xã', 28, 0),
(871, 'Xã Du Già', 'Xã', 28, 0),
(874, 'Thị trấn Tam Sơn', 'Thị trấn', 29, 0),
(877, 'Xã Bát Đại Sơn', 'Xã', 29, 0),
(880, 'Xã Nghĩa Thuận', 'Xã', 29, 0),
(883, 'Xã Cán Tỷ', 'Xã', 29, 0),
(886, 'Xã Cao Mã Pờ', 'Xã', 29, 0),
(889, 'Xã Thanh Vân', 'Xã', 29, 0),
(892, 'Xã Tùng Vài', 'Xã', 29, 0),
(895, 'Xã Đông Hà', 'Xã', 29, 0),
(898, 'Xã Quản Bạ', 'Xã', 29, 0),
(901, 'Xã Lùng Tám', 'Xã', 29, 0),
(904, 'Xã Quyết Tiến', 'Xã', 29, 0),
(907, 'Xã Tả Ván', 'Xã', 29, 0),
(910, 'Xã Thái An', 'Xã', 29, 0),
(913, 'Thị trấn Vị Xuyên', 'Thị trấn', 30, 0),
(916, 'Thị trấn Nông Trường Việt Lâm', 'Thị trấn', 30, 0),
(919, 'Xã Minh Tân', 'Xã', 30, 0),
(922, 'Xã Thuận Hoà', 'Xã', 30, 0),
(925, 'Xã Tùng Bá', 'Xã', 30, 0),
(928, 'Xã Thanh Thủy', 'Xã', 30, 0),
(931, 'Xã Thanh Đức', 'Xã', 30, 0),
(934, 'Xã Phong Quang', 'Xã', 30, 0),
(937, 'Xã Xín Chải', 'Xã', 30, 0),
(940, 'Xã Phương Tiến', 'Xã', 30, 0),
(943, 'Xã Lao Chải', 'Xã', 30, 0),
(946, 'Xã Phương Độ', 'Xã', 24, 0),
(949, 'Xã Phương Thiện', 'Xã', 24, 0),
(952, 'Xã Cao Bồ', 'Xã', 30, 0),
(955, 'Xã Đạo Đức', 'Xã', 30, 0),
(958, 'Xã Thượng Sơn', 'Xã', 30, 0),
(961, 'Xã Linh Hồ', 'Xã', 30, 0),
(964, 'Xã Quảng Ngần', 'Xã', 30, 0),
(967, 'Xã Việt Lâm', 'Xã', 30, 0),
(970, 'Xã Ngọc Linh', 'Xã', 30, 0),
(973, 'Xã Ngọc Minh', 'Xã', 30, 0),
(976, 'Xã Bạch Ngọc', 'Xã', 30, 0),
(979, 'Xã Trung Thành', 'Xã', 30, 0),
(982, 'Xã Minh Sơn', 'Xã', 31, 0),
(985, 'Xã Giáp Trung', 'Xã', 31, 0),
(988, 'Xã Yên Định', 'Xã', 31, 0),
(991, 'Thị trấn Yên Phú', 'Thị trấn', 31, 0),
(994, 'Xã Minh Ngọc', 'Xã', 31, 0),
(997, 'Xã Yên Phong', 'Xã', 31, 0),
(1000, 'Xã Lạc Nông', 'Xã', 31, 0),
(1003, 'Xã Phú Nam', 'Xã', 31, 0),
(1006, 'Xã Yên Cường', 'Xã', 31, 0),
(1009, 'Xã Thượng Tân', 'Xã', 31, 0),
(1012, 'Xã Đường Âm', 'Xã', 31, 0),
(1015, 'Xã Đường Hồng', 'Xã', 31, 0),
(1018, 'Xã Phiêng Luông', 'Xã', 31, 0),
(1021, 'Thị trấn Vinh Quang', 'Thị trấn', 32, 0),
(1024, 'Xã Bản Máy', 'Xã', 32, 0),
(1027, 'Xã Thàng Tín', 'Xã', 32, 0),
(1030, 'Xã Thèn Chu Phìn', 'Xã', 32, 0),
(1033, 'Xã Pố Lồ', 'Xã', 32, 0),
(1036, 'Xã Bản Phùng', 'Xã', 32, 0),
(1039, 'Xã Túng Sán', 'Xã', 32, 0),
(1042, 'Xã Chiến Phố', 'Xã', 32, 0),
(1045, 'Xã Đản Ván', 'Xã', 32, 0),
(1048, 'Xã Tụ Nhân', 'Xã', 32, 0),
(1051, 'Xã Tân Tiến', 'Xã', 32, 0),
(1054, 'Xã Nàng Đôn', 'Xã', 32, 0),
(1057, 'Xã Pờ Ly Ngài', 'Xã', 32, 0),
(1060, 'Xã Sán Xả Hồ', 'Xã', 32, 0),
(1063, 'Xã Bản Luốc', 'Xã', 32, 0),
(1066, 'Xã Ngàm Đăng Vài', 'Xã', 32, 0),
(1069, 'Xã Bản Nhùng', 'Xã', 32, 0),
(1072, 'Xã Tả Sử Choóng', 'Xã', 32, 0),
(1075, 'Xã Nậm Dịch', 'Xã', 32, 0),
(1078, 'Xã Bản Péo', 'Xã', 32, 0),
(1081, 'Xã Hồ Thầu', 'Xã', 32, 0),
(1084, 'Xã Nam Sơn', 'Xã', 32, 0),
(1087, 'Xã Nậm Tỵ', 'Xã', 32, 0),
(1090, 'Xã Thông Nguyên', 'Xã', 32, 0),
(1093, 'Xã Nậm Khòa', 'Xã', 32, 0),
(1096, 'Thị trấn Cốc Pài', 'Thị trấn', 33, 0),
(1099, 'Xã Nàn Xỉn', 'Xã', 33, 0),
(1102, 'Xã Bản Díu', 'Xã', 33, 0),
(1105, 'Xã Chí Cà', 'Xã', 33, 0),
(1108, 'Xã Xín Mần', 'Xã', 33, 0),
(1111, 'Xã Trung Thịnh', 'Xã', 33, 0),
(1114, 'Xã Thèn Phàng', 'Xã', 33, 0),
(1117, 'Xã Ngán Chiên', 'Xã', 33, 0),
(1120, 'Xã Pà Vầy Sủ', 'Xã', 33, 0),
(1123, 'Xã Cốc Rế', 'Xã', 33, 0),
(1126, 'Xã Thu Tà', 'Xã', 33, 0),
(1129, 'Xã Nàn Ma', 'Xã', 33, 0),
(1132, 'Xã Tả Nhìu', 'Xã', 33, 0),
(1135, 'Xã Bản Ngò', 'Xã', 33, 0),
(1138, 'Xã Chế Là', 'Xã', 33, 0),
(1141, 'Xã Nấm Dẩn', 'Xã', 33, 0),
(1144, 'Xã Quảng Nguyên', 'Xã', 33, 0),
(1147, 'Xã Nà Chì', 'Xã', 33, 0),
(1150, 'Xã Khuôn Lùng', 'Xã', 33, 0),
(1153, 'Thị trấn Việt Quang', 'Thị trấn', 34, 0),
(1156, 'Thị trấn Vĩnh Tuy', 'Thị trấn', 34, 0),
(1159, 'Xã Tân Lập', 'Xã', 34, 0),
(1162, 'Xã Tân Thành', 'Xã', 34, 0),
(1165, 'Xã Đồng Tiến', 'Xã', 34, 0),
(1168, 'Xã Đồng Tâm', 'Xã', 34, 0),
(1171, 'Xã Tân Quang', 'Xã', 34, 0),
(1174, 'Xã Thượng Bình', 'Xã', 34, 0),
(1177, 'Xã Hữu Sản', 'Xã', 34, 0),
(1180, 'Xã Kim Ngọc', 'Xã', 34, 0),
(1183, 'Xã Việt Vinh', 'Xã', 34, 0),
(1186, 'Xã Bằng Hành', 'Xã', 34, 0),
(1189, 'Xã Quang Minh', 'Xã', 34, 0),
(1192, 'Xã Liên Hiệp', 'Xã', 34, 0),
(1195, 'Xã Vô Điếm', 'Xã', 34, 0),
(1198, 'Xã Việt Hồng', 'Xã', 34, 0),
(1201, 'Xã Hùng An', 'Xã', 34, 0),
(1204, 'Xã Đức Xuân', 'Xã', 34, 0),
(1207, 'Xã Tiên Kiều', 'Xã', 34, 0),
(1210, 'Xã Vĩnh Hảo', 'Xã', 34, 0),
(1213, 'Xã Vĩnh Phúc', 'Xã', 34, 0),
(1216, 'Xã Đồng Yên', 'Xã', 34, 0),
(1219, 'Xã Đông Thành', 'Xã', 34, 0),
(1222, 'Xã Xuân Minh', 'Xã', 35, 0),
(1225, 'Xã Tiên Nguyên', 'Xã', 35, 0),
(1228, 'Xã Tân Nam', 'Xã', 35, 0),
(1231, 'Xã Bản Rịa', 'Xã', 35, 0),
(1234, 'Xã Yên Thành', 'Xã', 35, 0),
(1237, 'Thị trấn Yên Bình', 'Thị trấn', 35, 0),
(1240, 'Xã Tân Trịnh', 'Xã', 35, 0),
(1243, 'Xã Tân Bắc', 'Xã', 35, 0),
(1246, 'Xã Bằng Lang', 'Xã', 35, 0),
(1249, 'Xã Yên Hà', 'Xã', 35, 0),
(1252, 'Xã Hương Sơn', 'Xã', 35, 0),
(1255, 'Xã Xuân Giang', 'Xã', 35, 0),
(1258, 'Xã Nà Khương', 'Xã', 35, 0),
(1261, 'Xã Tiên Yên', 'Xã', 35, 0),
(1264, 'Xã Vĩ Thượng', 'Xã', 35, 0),
(1267, 'Phường Sông Hiến', 'Phường', 40, 0),
(1270, 'Phường Sông Bằng', 'Phường', 40, 0),
(1273, 'Phường Hợp Giang', 'Phường', 40, 0),
(1276, 'Phường Tân Giang', 'Phường', 40, 0),
(1279, 'Phường Ngọc Xuân', 'Phường', 40, 0),
(1282, 'Phường Đề Thám', 'Phường', 40, 0),
(1285, 'Phường Hoà Chung', 'Phường', 40, 0),
(1288, 'Phường Duyệt Trung', 'Phường', 40, 0),
(1290, 'Thị trấn Pác Miầu', 'Thị trấn', 42, 0),
(1291, 'Xã Đức Hạnh', 'Xã', 42, 0),
(1294, 'Xã Lý Bôn', 'Xã', 42, 0),
(1296, 'Xã Nam Cao', 'Xã', 42, 0),
(1297, 'Xã Nam Quang', 'Xã', 42, 0),
(1300, 'Xã Vĩnh Quang', 'Xã', 42, 0),
(1303, 'Xã Quảng Lâm', 'Xã', 42, 0),
(1304, 'Xã Thạch Lâm', 'Xã', 42, 0),
(1306, 'Xã Tân Việt', 'Xã', 42, 0),
(1309, 'Xã Vĩnh Phong', 'Xã', 42, 0),
(1312, 'Xã Mông Ân', 'Xã', 42, 0),
(1315, 'Xã Thái Học', 'Xã', 42, 0),
(1316, 'Xã Thái Sơn', 'Xã', 42, 0),
(1318, 'Xã Yên Thổ', 'Xã', 42, 0),
(1321, 'Thị trấn Bảo Lạc', 'Thị trấn', 43, 0),
(1324, 'Xã Cốc Pàng', 'Xã', 43, 0),
(1327, 'Xã Thượng Hà', 'Xã', 43, 0),
(1330, 'Xã Cô Ba', 'Xã', 43, 0),
(1333, 'Xã Bảo Toàn', 'Xã', 43, 0),
(1336, 'Xã Khánh Xuân', 'Xã', 43, 0),
(1339, 'Xã Xuân Trường', 'Xã', 43, 0),
(1342, 'Xã Hồng Trị', 'Xã', 43, 0),
(1343, 'Xã Kim Cúc', 'Xã', 43, 0),
(1345, 'Xã Phan Thanh', 'Xã', 43, 0),
(1348, 'Xã Hồng An', 'Xã', 43, 0),
(1351, 'Xã Hưng Đạo', 'Xã', 43, 0),
(1352, 'Xã Hưng Thịnh', 'Xã', 43, 0),
(1354, 'Xã Huy Giáp', 'Xã', 43, 0),
(1357, 'Xã Đình Phùng', 'Xã', 43, 0),
(1359, 'Xã Sơn Lập', 'Xã', 43, 0),
(1360, 'Xã Sơn Lộ', 'Xã', 43, 0),
(1363, 'Thị trấn Thông Nông', 'Thị trấn', 44, 0),
(1366, 'Xã Cần Yên', 'Xã', 44, 0),
(1367, 'Xã Cần Nông', 'Xã', 44, 0),
(1369, 'Xã Vị Quang', 'Xã', 44, 0),
(1372, 'Xã Lương Thông', 'Xã', 44, 0),
(1375, 'Xã Đa Thông', 'Xã', 44, 0),
(1378, 'Xã Ngọc Động', 'Xã', 44, 0),
(1381, 'Xã Yên Sơn', 'Xã', 44, 0),
(1384, 'Xã Lương Can', 'Xã', 44, 0),
(1387, 'Xã Thanh Long', 'Xã', 44, 0),
(1390, 'Xã Bình Lãng', 'Xã', 44, 0),
(1392, 'Thị trấn Xuân Hòa', 'Thị trấn', 45, 0),
(1393, 'Xã Lũng Nặm', 'Xã', 45, 0),
(1396, 'Xã Kéo Yên', 'Xã', 45, 0),
(1399, 'Xã Trường Hà', 'Xã', 45, 0),
(1402, 'Xã Vân An', 'Xã', 45, 0),
(1405, 'Xã Cải Viên', 'Xã', 45, 0),
(1408, 'Xã Nà Sác', 'Xã', 45, 0),
(1411, 'Xã Nội Thôn', 'Xã', 45, 0),
(1414, 'Xã Tổng Cọt', 'Xã', 45, 0),
(1417, 'Xã Sóc Hà', 'Xã', 45, 0),
(1420, 'Xã Thượng Thôn', 'Xã', 45, 0),
(1423, 'Xã Vần Dính', 'Xã', 45, 0),
(1426, 'Xã Hồng Sĩ', 'Xã', 45, 0),
(1429, 'Xã Sĩ Hai', 'Xã', 45, 0),
(1432, 'Xã Quý Quân', 'Xã', 45, 0),
(1435, 'Xã Mã Ba', 'Xã', 45, 0),
(1438, 'Xã Phù Ngọc', 'Xã', 45, 0),
(1441, 'Xã Đào Ngạn', 'Xã', 45, 0),
(1444, 'Xã Hạ Thôn', 'Xã', 45, 0),
(1447, 'Thị trấn Hùng Quốc', 'Thị trấn', 46, 0),
(1450, 'Xã Cô Mười', 'Xã', 46, 0),
(1453, 'Xã Tri Phương', 'Xã', 46, 0),
(1456, 'Xã Quang Hán', 'Xã', 46, 0),
(1459, 'Xã Quang Vinh', 'Xã', 46, 0),
(1462, 'Xã Xuân Nội', 'Xã', 46, 0),
(1465, 'Xã Quang Trung', 'Xã', 46, 0),
(1468, 'Xã Lưu Ngọc', 'Xã', 46, 0),
(1471, 'Xã Cao Chương', 'Xã', 46, 0),
(1474, 'Xã Quốc Toản', 'Xã', 46, 0),
(1477, 'Thị trấn Trùng Khánh', 'Thị trấn', 47, 0),
(1480, 'Xã Ngọc Khê', 'Xã', 47, 0),
(1481, 'Xã Ngọc Côn', 'Xã', 47, 0),
(1483, 'Xã Phong Nậm', 'Xã', 47, 0),
(1486, 'Xã Ngọc Chung', 'Xã', 47, 0),
(1489, 'Xã Đình Phong', 'Xã', 47, 0),
(1492, 'Xã Lăng Yên', 'Xã', 47, 0),
(1495, 'Xã Đàm Thuỷ', 'Xã', 47, 0),
(1498, 'Xã Khâm Thành', 'Xã', 47, 0),
(1501, 'Xã Chí Viễn', 'Xã', 47, 0),
(1504, 'Xã Lăng Hiếu', 'Xã', 47, 0),
(1507, 'Xã Phong Châu', 'Xã', 47, 0),
(1510, 'Xã Đình Minh', 'Xã', 47, 0),
(1513, 'Xã Cảnh Tiên', 'Xã', 47, 0),
(1516, 'Xã Trung Phúc', 'Xã', 47, 0),
(1519, 'Xã Cao Thăng', 'Xã', 47, 0),
(1522, 'Xã Đức Hồng', 'Xã', 47, 0),
(1525, 'Xã Thông Hoè', 'Xã', 47, 0),
(1528, 'Xã Thân Giáp', 'Xã', 47, 0),
(1531, 'Xã Đoài Côn', 'Xã', 47, 0),
(1534, 'Xã Minh Long', 'Xã', 48, 0),
(1537, 'Xã Lý Quốc', 'Xã', 48, 0),
(1540, 'Xã Thắng Lợi', 'Xã', 48, 0),
(1543, 'Xã Đồng Loan', 'Xã', 48, 0),
(1546, 'Xã Đức Quang', 'Xã', 48, 0),
(1549, 'Xã Kim Loan', 'Xã', 48, 0),
(1552, 'Xã Quang Long', 'Xã', 48, 0),
(1555, 'Xã An Lạc', 'Xã', 48, 0),
(1558, 'Thị trấn Thanh Nhật', 'Thị trấn', 48, 0),
(1561, 'Xã Vinh Quý', 'Xã', 48, 0),
(1564, 'Xã Việt Chu', 'Xã', 48, 0),
(1567, 'Xã Cô Ngân', 'Xã', 48, 0),
(1570, 'Xã Thái Đức', 'Xã', 48, 0),
(1573, 'Xã Thị Hoa', 'Xã', 48, 0),
(1576, 'Thị trấn Quảng Uyên', 'Thị trấn', 49, 0),
(1579, 'Xã Phi Hải', 'Xã', 49, 0),
(1582, 'Xã Quảng Hưng', 'Xã', 49, 0),
(1585, 'Xã Bình Lăng', 'Xã', 49, 0),
(1588, 'Xã Quốc Dân', 'Xã', 49, 0),
(1591, 'Xã Quốc Phong', 'Xã', 49, 0),
(1594, 'Xã Độc Lập', 'Xã', 49, 0),
(1597, 'Xã Cai Bộ', 'Xã', 49, 0),
(1600, 'Xã Đoài Khôn', 'Xã', 49, 0),
(1603, 'Xã Phúc Sen', 'Xã', 49, 0),
(1606, 'Xã Chí Thảo', 'Xã', 49, 0),
(1609, 'Xã Tự Do', 'Xã', 49, 0),
(1612, 'Xã Hồng Định', 'Xã', 49, 0),
(1615, 'Xã Hồng Quang', 'Xã', 49, 0),
(1618, 'Xã Ngọc Động', 'Xã', 49, 0),
(1621, 'Xã Hoàng Hải', 'Xã', 49, 0),
(1624, 'Xã Hạnh Phúc', 'Xã', 49, 0),
(1627, 'Thị trấn Tà Lùng', 'Thị trấn', 50, 0),
(1630, 'Xã Triệu ẩu', 'Xã', 50, 0),
(1633, 'Xã Hồng Đại', 'Xã', 50, 0),
(1636, 'Xã Cách Linh', 'Xã', 50, 0),
(1639, 'Xã Đại Sơn', 'Xã', 50, 0),
(1642, 'Xã Lương Thiện', 'Xã', 50, 0),
(1645, 'Xã Tiên Thành', 'Xã', 50, 0),
(1648, 'Thị trấn Hoà Thuận', 'Thị trấn', 50, 0),
(1651, 'Xã Mỹ Hưng', 'Xã', 50, 0),
(1654, 'Thị trấn Nước Hai', 'Thị trấn', 51, 0),
(1657, 'Xã Dân Chủ', 'Xã', 51, 0),
(1660, 'Xã Nam Tuấn', 'Xã', 51, 0),
(1663, 'Xã Đức Xuân', 'Xã', 51, 0),
(1666, 'Xã Đại Tiến', 'Xã', 51, 0),
(1669, 'Xã Đức Long', 'Xã', 51, 0),
(1672, 'Xã Ngũ Lão', 'Xã', 51, 0),
(1675, 'Xã Trương Lương', 'Xã', 51, 0),
(1678, 'Xã Bình Long', 'Xã', 51, 0),
(1681, 'Xã Nguyễn Huệ', 'Xã', 51, 0),
(1684, 'Xã Công Trừng', 'Xã', 51, 0),
(1687, 'Xã Hồng Việt', 'Xã', 51, 0),
(1690, 'Xã Bế Triều', 'Xã', 51, 0),
(1693, 'Xã Vĩnh Quang', 'Xã', 40, 0),
(1696, 'Xã Hoàng Tung', 'Xã', 51, 0),
(1699, 'Xã Trương Vương', 'Xã', 51, 0),
(1702, 'Xã Quang Trung', 'Xã', 51, 0),
(1705, 'Xã Hưng Đạo', 'Xã', 40, 0),
(1708, 'Xã Bạch Đằng', 'Xã', 51, 0),
(1711, 'Xã Bình Dương', 'Xã', 51, 0),
(1714, 'Xã Lê Chung', 'Xã', 51, 0),
(1717, 'Xã Hà Trì', 'Xã', 51, 0),
(1720, 'Xã Chu Trinh', 'Xã', 40, 0),
(1723, 'Xã Hồng Nam', 'Xã', 51, 0),
(1726, 'Thị trấn Nguyên Bình', 'Thị trấn', 52, 0),
(1729, 'Thị trấn Tĩnh Túc', 'Thị trấn', 52, 0),
(1732, 'Xã Yên Lạc', 'Xã', 52, 0),
(1735, 'Xã Triệu Nguyên', 'Xã', 52, 0),
(1738, 'Xã Ca Thành', 'Xã', 52, 0),
(1741, 'Xã Thái Học', 'Xã', 52, 0),
(1744, 'Xã Vũ Nông', 'Xã', 52, 0),
(1747, 'Xã Minh Tâm', 'Xã', 52, 0),
(1750, 'Xã Thể Dục', 'Xã', 52, 0),
(1753, 'Xã Bắc Hợp', 'Xã', 52, 0),
(1756, 'Xã Mai Long', 'Xã', 52, 0),
(1759, 'Xã Lang Môn', 'Xã', 52, 0),
(1762, 'Xã Minh Thanh', 'Xã', 52, 0),
(1765, 'Xã Hoa Thám', 'Xã', 52, 0),
(1768, 'Xã Phan Thanh', 'Xã', 52, 0),
(1771, 'Xã Quang Thành', 'Xã', 52, 0),
(1774, 'Xã Tam Kim', 'Xã', 52, 0),
(1777, 'Xã Thành Công', 'Xã', 52, 0),
(1780, 'Xã Thịnh Vượng', 'Xã', 52, 0),
(1783, 'Xã Hưng Đạo', 'Xã', 52, 0),
(1786, 'Thị trấn Đông Khê', 'Thị trấn', 53, 0),
(1789, 'Xã Canh Tân', 'Xã', 53, 0),
(1792, 'Xã Kim Đồng', 'Xã', 53, 0),
(1795, 'Xã Minh Khai', 'Xã', 53, 0),
(1798, 'Xã Thị Ngân', 'Xã', 53, 0),
(1801, 'Xã Đức Thông', 'Xã', 53, 0),
(1804, 'Xã Thái Cường', 'Xã', 53, 0),
(1807, 'Xã Vân Trình', 'Xã', 53, 0),
(1810, 'Xã Thụy Hùng', 'Xã', 53, 0),
(1813, 'Xã Quang Trọng', 'Xã', 53, 0),
(1816, 'Xã Trọng Con', 'Xã', 53, 0),
(1819, 'Xã Lê Lai', 'Xã', 53, 0),
(1822, 'Xã Đức Long', 'Xã', 53, 0),
(1825, 'Xã Danh Sỹ', 'Xã', 53, 0),
(1828, 'Xã Lê Lợi', 'Xã', 53, 0),
(1831, 'Xã Đức Xuân', 'Xã', 53, 0),
(1834, 'Phường Nguyễn Thị Minh Khai', 'Phường', 58, 0),
(1837, 'Phường Sông Cầu', 'Phường', 58, 0),
(1840, 'Phường Đức Xuân', 'Phường', 58, 0),
(1843, 'Phường Phùng Chí Kiên', 'Phường', 58, 0),
(1846, 'Phường Huyền Tụng', 'Phường', 58, 0),
(1849, 'Xã Dương Quang', 'Xã', 58, 0),
(1852, 'Xã Nông Thượng', 'Xã', 58, 0),
(1855, 'Phường Xuất Hóa', 'Phường', 58, 0),
(1858, 'Xã Bằng Thành', 'Xã', 60, 0),
(1861, 'Xã Nhạn Môn', 'Xã', 60, 0),
(1864, 'Xã Bộc Bố', 'Xã', 60, 0),
(1867, 'Xã Công Bằng', 'Xã', 60, 0),
(1870, 'Xã Giáo Hiệu', 'Xã', 60, 0),
(1873, 'Xã Xuân La', 'Xã', 60, 0),
(1876, 'Xã An Thắng', 'Xã', 60, 0),
(1879, 'Xã Cổ Linh', 'Xã', 60, 0),
(1882, 'Xã Nghiên Loan', 'Xã', 60, 0),
(1885, 'Xã Cao Tân', 'Xã', 60, 0),
(1888, 'Thị trấn Chợ Rã', 'Thị trấn', 61, 0),
(1891, 'Xã Bành Trạch', 'Xã', 61, 0),
(1894, 'Xã Phúc Lộc', 'Xã', 61, 0),
(1897, 'Xã Hà Hiệu', 'Xã', 61, 0),
(1900, 'Xã Cao Thượng', 'Xã', 61, 0),
(1903, 'Xã Cao Trĩ', 'Xã', 61, 0),
(1906, 'Xã Khang Ninh', 'Xã', 61, 0),
(1909, 'Xã Nam Mẫu', 'Xã', 61, 0),
(1912, 'Xã Thượng Giáo', 'Xã', 61, 0),
(1915, 'Xã Địa Linh', 'Xã', 61, 0),
(1918, 'Xã Yến Dương', 'Xã', 61, 0),
(1921, 'Xã Chu Hương', 'Xã', 61, 0),
(1924, 'Xã Quảng Khê', 'Xã', 61, 0),
(1927, 'Xã Mỹ Phương', 'Xã', 61, 0),
(1930, 'Xã Hoàng Trĩ', 'Xã', 61, 0),
(1933, 'Xã Đồng Phúc', 'Xã', 61, 0),
(1936, 'Thị trấn Nà Phặc', 'Thị trấn', 62, 0),
(1939, 'Xã Thượng Ân', 'Xã', 62, 0),
(1942, 'Xã Bằng Vân', 'Xã', 62, 0),
(1945, 'Xã Cốc Đán', 'Xã', 62, 0),
(1948, 'Xã Trung Hoà', 'Xã', 62, 0),
(1951, 'Xã Đức Vân', 'Xã', 62, 0),
(1954, 'Xã Vân Tùng', 'Xã', 62, 0),
(1957, 'Xã Thượng Quan', 'Xã', 62, 0),
(1960, 'Xã Lãng Ngâm', 'Xã', 62, 0),
(1963, 'Xã Thuần Mang', 'Xã', 62, 0),
(1966, 'Xã Hương Nê', 'Xã', 62, 0),
(1969, 'Thị trấn Phủ Thông', 'Thị trấn', 63, 0),
(1972, 'Xã Phương Linh', 'Xã', 63, 0),
(1975, 'Xã Vi Hương', 'Xã', 63, 0),
(1978, 'Xã Sĩ Bình', 'Xã', 63, 0),
(1981, 'Xã Vũ Muộn', 'Xã', 63, 0),
(1984, 'Xã Đôn Phong', 'Xã', 63, 0),
(1987, 'Xã Tú Trĩ', 'Xã', 63, 0),
(1990, 'Xã Lục Bình', 'Xã', 63, 0),
(1993, 'Xã Tân Tiến', 'Xã', 63, 0),
(1996, 'Xã Quân Bình', 'Xã', 63, 0),
(1999, 'Xã Nguyên Phúc', 'Xã', 63, 0),
(2002, 'Xã Cao Sơn', 'Xã', 63, 0),
(2005, 'Xã Hà Vị', 'Xã', 63, 0),
(2008, 'Xã Cẩm Giàng', 'Xã', 63, 0),
(2011, 'Xã Mỹ Thanh', 'Xã', 63, 0),
(2014, 'Xã Dương Phong', 'Xã', 63, 0),
(2017, 'Xã Quang Thuận', 'Xã', 63, 0),
(2020, 'Thị trấn Bằng Lũng', 'Thị trấn', 64, 0),
(2023, 'Xã Xuân Lạc', 'Xã', 64, 0),
(2026, 'Xã Nam Cường', 'Xã', 64, 0),
(2029, 'Xã Đồng Lạc', 'Xã', 64, 0),
(2032, 'Xã Tân Lập', 'Xã', 64, 0),
(2035, 'Xã Bản Thi', 'Xã', 64, 0),
(2038, 'Xã Quảng Bạch', 'Xã', 64, 0),
(2041, 'Xã Bằng Phúc', 'Xã', 64, 0),
(2044, 'Xã Yên Thịnh', 'Xã', 64, 0),
(2047, 'Xã Yên Thượng', 'Xã', 64, 0),
(2050, 'Xã Phương Viên', 'Xã', 64, 0),
(2053, 'Xã Ngọc Phái', 'Xã', 64, 0),
(2056, 'Xã Rã Bản', 'Xã', 64, 0),
(2059, 'Xã Đông Viên', 'Xã', 64, 0),
(2062, 'Xã Lương Bằng', 'Xã', 64, 0),
(2065, 'Xã Bằng Lãng', 'Xã', 64, 0),
(2068, 'Xã Đại Sảo', 'Xã', 64, 0),
(2071, 'Xã Nghĩa Tá', 'Xã', 64, 0),
(2074, 'Xã Phong Huân', 'Xã', 64, 0),
(2077, 'Xã Yên Mỹ', 'Xã', 64, 0),
(2080, 'Xã Bình Trung', 'Xã', 64, 0),
(2083, 'Xã Yên Nhuận', 'Xã', 64, 0),
(2086, 'Thị trấn Chợ Mới', 'Thị trấn', 65, 0),
(2089, 'Xã Tân Sơn', 'Xã', 65, 0),
(2092, 'Xã Thanh Vận', 'Xã', 65, 0),
(2095, 'Xã Mai Lạp', 'Xã', 65, 0),
(2098, 'Xã Hoà Mục', 'Xã', 65, 0),
(2101, 'Xã Thanh Mai', 'Xã', 65, 0),
(2104, 'Xã Cao Kỳ', 'Xã', 65, 0),
(2107, 'Xã Nông Hạ', 'Xã', 65, 0),
(2110, 'Xã Yên Cư', 'Xã', 65, 0),
(2113, 'Xã Nông Thịnh', 'Xã', 65, 0),
(2116, 'Xã Yên Hân', 'Xã', 65, 0),
(2119, 'Xã Thanh Bình', 'Xã', 65, 0),
(2122, 'Xã Như Cố', 'Xã', 65, 0),
(2125, 'Xã Bình Văn', 'Xã', 65, 0),
(2128, 'Xã Yên Đĩnh', 'Xã', 65, 0),
(2131, 'Xã Quảng Chu', 'Xã', 65, 0),
(2134, 'Thị trấn Yến Lạc', 'Thị trấn', 66, 0),
(2137, 'Xã Vũ Loan', 'Xã', 66, 0),
(2140, 'Xã Lạng San', 'Xã', 66, 0),
(2143, 'Xã Lương Thượng', 'Xã', 66, 0),
(2146, 'Xã Kim Hỷ', 'Xã', 66, 0),
(2149, 'Xã Văn Học', 'Xã', 66, 0),
(2152, 'Xã Cường Lợi', 'Xã', 66, 0),
(2155, 'Xã Lương Hạ', 'Xã', 66, 0),
(2158, 'Xã Kim Lư', 'Xã', 66, 0),
(2161, 'Xã Lương Thành', 'Xã', 66, 0),
(2164, 'Xã Ân Tình', 'Xã', 66, 0),
(2167, 'Xã Lam Sơn', 'Xã', 66, 0),
(2170, 'Xã Văn Minh', 'Xã', 66, 0),
(2173, 'Xã Côn Minh', 'Xã', 66, 0),
(2176, 'Xã Cư Lễ', 'Xã', 66, 0),
(2179, 'Xã Hữu Thác', 'Xã', 66, 0),
(2182, 'Xã Hảo Nghĩa', 'Xã', 66, 0),
(2185, 'Xã Quang Phong', 'Xã', 66, 0),
(2188, 'Xã Dương Sơn', 'Xã', 66, 0),
(2191, 'Xã Xuân Dương', 'Xã', 66, 0),
(2194, 'Xã Đổng Xá', 'Xã', 66, 0),
(2197, 'Xã Liêm Thuỷ', 'Xã', 66, 0),
(2200, 'Phường Phan Thiết', 'Phường', 70, 0),
(2203, 'Phường Minh Xuân', 'Phường', 70, 0),
(2206, 'Phường Tân Quang', 'Phường', 70, 0),
(2209, 'Xã Tràng Đà', 'Xã', 70, 0),
(2212, 'Phường Nông Tiến', 'Phường', 70, 0),
(2215, 'Phường Ỷ La', 'Phường', 70, 0),
(2216, 'Phường Tân Hà', 'Phường', 70, 0),
(2218, 'Phường Hưng Thành', 'Phường', 70, 0),
(2221, 'Thị trấn Nà Hang', 'Thị trấn', 72, 0),
(2227, 'Xã Sinh Long', 'Xã', 72, 0),
(2230, 'Xã Thượng Giáp', 'Xã', 72, 0),
(2233, 'Xã Phúc Yên', 'Xã', 71, 0),
(2239, 'Xã Thượng Nông', 'Xã', 72, 0),
(2242, 'Xã Xuân Lập', 'Xã', 71, 0),
(2245, 'Xã Côn Lôn', 'Xã', 72, 0),
(2248, 'Xã Yên Hoa', 'Xã', 72, 0),
(2251, 'Xã Khuôn Hà', 'Xã', 71, 0),
(2254, 'Xã Hồng Thái', 'Xã', 72, 0),
(2260, 'Xã Đà Vị', 'Xã', 72, 0),
(2263, 'Xã Khau Tinh', 'Xã', 72, 0),
(2266, 'Xã Lăng Can', 'Xã', 71, 0),
(2269, 'Xã Thượng Lâm', 'Xã', 71, 0),
(2275, 'Xã Sơn Phú', 'Xã', 72, 0),
(2281, 'Xã Năng Khả', 'Xã', 72, 0),
(2284, 'Xã Thanh Tương', 'Xã', 72, 0),
(2287, 'Thị trấn Vĩnh Lộc', 'Thị trấn', 73, 0),
(2290, 'Xã Bình An', 'Xã', 71, 0),
(2293, 'Xã Hồng Quang', 'Xã', 71, 0),
(2296, 'Xã Thổ Bình', 'Xã', 71, 0),
(2299, 'Xã Phúc Sơn', 'Xã', 73, 0),
(2302, 'Xã Minh Quang', 'Xã', 73, 0),
(2305, 'Xã Trung Hà', 'Xã', 73, 0),
(2308, 'Xã Tân Mỹ', 'Xã', 73, 0),
(2311, 'Xã Hà Lang', 'Xã', 73, 0),
(2314, 'Xã Hùng Mỹ', 'Xã', 73, 0),
(2317, 'Xã Yên Lập', 'Xã', 73, 0),
(2320, 'Xã Tân An', 'Xã', 73, 0),
(2323, 'Xã Bình Phú', 'Xã', 73, 0),
(2326, 'Xã Xuân Quang', 'Xã', 73, 0),
(2329, 'Xã Ngọc Hội', 'Xã', 73, 0),
(2332, 'Xã Phú Bình', 'Xã', 73, 0),
(2335, 'Xã Hòa Phú', 'Xã', 73, 0),
(2338, 'Xã Phúc Thịnh', 'Xã', 73, 0),
(2341, 'Xã Kiên Đài', 'Xã', 73, 0),
(2344, 'Xã Tân Thịnh', 'Xã', 73, 0),
(2347, 'Xã Trung Hòa', 'Xã', 73, 0),
(2350, 'Xã Kim Bình', 'Xã', 73, 0),
(2353, 'Xã Hòa An', 'Xã', 73, 0),
(2356, 'Xã Vinh Quang', 'Xã', 73, 0),
(2359, 'Xã Tri Phú', 'Xã', 73, 0),
(2362, 'Xã Nhân Lý', 'Xã', 73, 0),
(2365, 'Xã Yên Nguyên', 'Xã', 73, 0),
(2368, 'Xã Linh Phú', 'Xã', 73, 0),
(2371, 'Xã Bình Nhân', 'Xã', 73, 0),
(2374, 'Thị trấn Tân Yên', 'Thị trấn', 74, 0),
(2377, 'Xã Yên Thuận', 'Xã', 74, 0),
(2380, 'Xã Bạch Xa', 'Xã', 74, 0),
(2383, 'Xã Minh Khương', 'Xã', 74, 0),
(2386, 'Xã Yên Lâm', 'Xã', 74, 0),
(2389, 'Xã Minh Dân', 'Xã', 74, 0),
(2392, 'Xã Phù Lưu', 'Xã', 74, 0),
(2395, 'Xã Minh Hương', 'Xã', 74, 0),
(2398, 'Xã Yên Phú', 'Xã', 74, 0),
(2401, 'Xã Tân Thành', 'Xã', 74, 0),
(2404, 'Xã Bình Xa', 'Xã', 74, 0),
(2407, 'Xã Thái Sơn', 'Xã', 74, 0),
(2410, 'Xã Nhân Mục', 'Xã', 74, 0),
(2413, 'Xã Thành Long', 'Xã', 74, 0),
(2416, 'Xã Bằng Cốc', 'Xã', 74, 0),
(2419, 'Xã Thái Hòa', 'Xã', 74, 0),
(2422, 'Xã Đức Ninh', 'Xã', 74, 0),
(2425, 'Xã Hùng Đức', 'Xã', 74, 0),
(2428, 'Thị trấn Tân Bình', 'Thị trấn', 75, 0),
(2431, 'Xã Quí Quân', 'Xã', 75, 0),
(2434, 'Xã Lực Hành', 'Xã', 75, 0),
(2437, 'Xã Kiến Thiết', 'Xã', 75, 0),
(2440, 'Xã Trung Minh', 'Xã', 75, 0),
(2443, 'Xã Chiêu Yên', 'Xã', 75, 0),
(2446, 'Xã Trung Trực', 'Xã', 75, 0),
(2449, 'Xã Xuân Vân', 'Xã', 75, 0),
(2452, 'Xã Phúc Ninh', 'Xã', 75, 0),
(2455, 'Xã Hùng Lợi', 'Xã', 75, 0),
(2458, 'Xã Trung Sơn', 'Xã', 75, 0),
(2461, 'Xã Tân Tiến', 'Xã', 75, 0),
(2464, 'Xã Tứ Quận', 'Xã', 75, 0),
(2467, 'Xã Đạo Viện', 'Xã', 75, 0),
(2470, 'Xã Tân Long', 'Xã', 75, 0),
(2473, 'Xã Thắng Quân', 'Xã', 75, 0),
(2476, 'Xã Kim Quan', 'Xã', 75, 0),
(2479, 'Xã Lang Quán', 'Xã', 75, 0),
(2482, 'Xã Phú Thịnh', 'Xã', 75, 0),
(2485, 'Xã Công Đa', 'Xã', 75, 0),
(2488, 'Xã Trung Môn', 'Xã', 75, 0),
(2491, 'Xã Chân Sơn', 'Xã', 75, 0),
(2494, 'Xã Thái Bình', 'Xã', 75, 0),
(2497, 'Xã Kim Phú', 'Xã', 75, 0),
(2500, 'Xã Tiến Bộ', 'Xã', 75, 0),
(2503, 'Xã An Khang', 'Xã', 70, 0),
(2506, 'Xã Mỹ Bằng', 'Xã', 75, 0),
(2509, 'Xã Phú Lâm', 'Xã', 75, 0),
(2512, 'Xã An Tường', 'Xã', 70, 0),
(2515, 'Xã Lưỡng Vượng', 'Xã', 70, 0),
(2518, 'Xã Hoàng Khai', 'Xã', 75, 0),
(2521, 'Xã Thái Long', 'Xã', 70, 0),
(2524, 'Xã Đội Cấn', 'Xã', 70, 0),
(2527, 'Xã Nhữ Hán', 'Xã', 75, 0),
(2530, 'Xã Nhữ Khê', 'Xã', 75, 0),
(2533, 'Xã Đội Bình', 'Xã', 75, 0),
(2536, 'Thị trấn Sơn Dương', 'Thị trấn', 76, 0),
(2539, 'Xã Trung Yên', 'Xã', 76, 0),
(2542, 'Xã Minh Thanh', 'Xã', 76, 0),
(2545, 'Xã Tân Trào', 'Xã', 76, 0),
(2548, 'Xã Vĩnh Lợi', 'Xã', 76, 0),
(2551, 'Xã Thượng Ấm', 'Xã', 76, 0),
(2554, 'Xã Bình Yên', 'Xã', 76, 0),
(2557, 'Xã Lương Thiện', 'Xã', 76, 0),
(2560, 'Xã Tú Thịnh', 'Xã', 76, 0),
(2563, 'Xã Cấp Tiến', 'Xã', 76, 0),
(2566, 'Xã Hợp Thành', 'Xã', 76, 0),
(2569, 'Xã Phúc Ứng', 'Xã', 76, 0),
(2572, 'Xã Đông Thọ', 'Xã', 76, 0),
(2575, 'Xã Kháng Nhật', 'Xã', 76, 0),
(2578, 'Xã Hợp Hòa', 'Xã', 76, 0),
(2581, 'Xã Thanh Phát', 'Xã', 76, 0),
(2584, 'Xã Quyết Thắng', 'Xã', 76, 0),
(2587, 'Xã Đồng Quý', 'Xã', 76, 0),
(2590, 'Xã Tuân Lộ', 'Xã', 76, 0),
(2593, 'Xã Vân Sơn', 'Xã', 76, 0),
(2596, 'Xã Văn Phú', 'Xã', 76, 0),
(2599, 'Xã Chi Thiết', 'Xã', 76, 0),
(2602, 'Xã Đông Lợi', 'Xã', 76, 0),
(2605, 'Xã Thiện Kế', 'Xã', 76, 0),
(2608, 'Xã Hồng Lạc', 'Xã', 76, 0),
(2611, 'Xã Phú Lương', 'Xã', 76, 0),
(2614, 'Xã Ninh Lai', 'Xã', 76, 0),
(2617, 'Xã Đại Phú', 'Xã', 76, 0),
(2620, 'Xã Sơn Nam', 'Xã', 76, 0),
(2623, 'Xã Hào Phú', 'Xã', 76, 0),
(2626, 'Xã Tam Đa', 'Xã', 76, 0),
(2629, 'Xã Sầm Dương', 'Xã', 76, 0),
(2632, 'Xã Lâm Xuyên', 'Xã', 76, 0),
(2635, 'Phường Duyên Hải', 'Phường', 80, 0),
(2638, 'Phường Lào Cai', 'Phường', 80, 0),
(2641, 'Phường Phố Mới', 'Phường', 80, 0),
(2644, 'Phường Cốc Lếu', 'Phường', 80, 0),
(2647, 'Phường Kim Tân', 'Phường', 80, 0),
(2650, 'Phường Bắc Lệnh', 'Phường', 80, 0),
(2653, 'Phường Pom Hán', 'Phường', 80, 0),
(2656, 'Phường Xuân Tăng', 'Phường', 80, 0),
(2658, 'Phường Bình Minh', 'Phường', 80, 0),
(2659, 'Phường Thống Nhất', 'Phường', 80, 0),
(2662, 'Xã Đồng Tuyển', 'Xã', 80, 0),
(2665, 'Xã Vạn Hoà', 'Xã', 80, 0),
(2668, 'Phường Bắc Cường', 'Phường', 80, 0),
(2671, 'Phường Nam Cường', 'Phường', 80, 0),
(2674, 'Xã Cam Đường', 'Xã', 80, 0),
(2677, 'Xã Tả Phời', 'Xã', 80, 0),
(2680, 'Xã Hợp Thành', 'Xã', 80, 0),
(2683, 'Thị trấn Bát Xát', 'Thị trấn', 82, 0),
(2686, 'Xã A Mú Sung', 'Xã', 82, 0),
(2689, 'Xã Nậm Chạc', 'Xã', 82, 0),
(2692, 'Xã A Lù', 'Xã', 82, 0),
(2695, 'Xã Trịnh Tường', 'Xã', 82, 0),
(2698, 'Xã Ngải Thầu', 'Xã', 82, 0),
(2701, 'Xã Y Tý', 'Xã', 82, 0),
(2704, 'Xã Cốc Mỳ', 'Xã', 82, 0),
(2707, 'Xã Dền Sáng', 'Xã', 82, 0),
(2710, 'Xã Bản Vược', 'Xã', 82, 0),
(2713, 'Xã Sàng Ma Sáo', 'Xã', 82, 0),
(2716, 'Xã Bản Qua', 'Xã', 82, 0),
(2719, 'Xã Mường Vi', 'Xã', 82, 0),
(2722, 'Xã Dền Thàng', 'Xã', 82, 0),
(2725, 'Xã Bản Xèo', 'Xã', 82, 0),
(2728, 'Xã Mường Hum', 'Xã', 82, 0),
(2731, 'Xã Trung Lèng Hồ', 'Xã', 82, 0),
(2734, 'Xã Quang Kim', 'Xã', 82, 0),
(2737, 'Xã Pa Cheo', 'Xã', 82, 0),
(2740, 'Xã Nậm Pung', 'Xã', 82, 0),
(2743, 'Xã Phìn Ngan', 'Xã', 82, 0),
(2746, 'Xã Cốc San', 'Xã', 82, 0),
(2749, 'Xã Tòng Sành', 'Xã', 82, 0),
(2752, 'Xã Pha Long', 'Xã', 83, 0),
(2755, 'Xã Tả Ngải Chồ', 'Xã', 83, 0),
(2758, 'Xã Tung Chung Phố', 'Xã', 83, 0),
(2761, 'Thị trấn Mường Khương', 'Thị trấn', 83, 0),
(2764, 'Xã Dìn Chin', 'Xã', 83, 0),
(2767, 'Xã Tả Gia Khâu', 'Xã', 83, 0),
(2770, 'Xã Nậm Chảy', 'Xã', 83, 0),
(2773, 'Xã Nấm Lư', 'Xã', 83, 0),
(2776, 'Xã Lùng Khấu Nhin', 'Xã', 83, 0),
(2779, 'Xã Thanh Bình', 'Xã', 83, 0),
(2782, 'Xã Cao Sơn', 'Xã', 83, 0),
(2785, 'Xã Lùng Vai', 'Xã', 83, 0),
(2788, 'Xã Bản Lầu', 'Xã', 83, 0),
(2791, 'Xã La Pan Tẩn', 'Xã', 83, 0),
(2794, 'Xã Tả Thàng', 'Xã', 83, 0),
(2797, 'Xã Bản Sen', 'Xã', 83, 0),
(2800, 'Xã Nàn Sán', 'Xã', 84, 0),
(2803, 'Xã Thào Chư Phìn', 'Xã', 84, 0),
(2806, 'Xã Bản Mế', 'Xã', 84, 0),
(2809, 'Xã Si Ma Cai', 'Xã', 84, 0),
(2812, 'Xã Sán Chải', 'Xã', 84, 0),
(2815, 'Xã Mản Thẩn', 'Xã', 84, 0),
(2818, 'Xã Lùng Sui', 'Xã', 84, 0),
(2821, 'Xã Cán Cấu', 'Xã', 84, 0),
(2824, 'Xã Sín Chéng', 'Xã', 84, 0),
(2827, 'Xã Cán Hồ', 'Xã', 84, 0),
(2830, 'Xã Quan Thần Sán', 'Xã', 84, 0),
(2833, 'Xã Lử Thẩn', 'Xã', 84, 0),
(2836, 'Xã Nàn Xín', 'Xã', 84, 0),
(2839, 'Thị trấn Bắc Hà', 'Thị trấn', 85, 0),
(2842, 'Xã Lùng Cải', 'Xã', 85, 0),
(2845, 'Xã Bản Già', 'Xã', 85, 0),
(2848, 'Xã Lùng Phình', 'Xã', 85, 0),
(2851, 'Xã Tả Van Chư', 'Xã', 85, 0),
(2854, 'Xã Tả Củ Tỷ', 'Xã', 85, 0),
(2857, 'Xã Thải Giàng Phố', 'Xã', 85, 0),
(2860, 'Xã Lầu Thí Ngài', 'Xã', 85, 0),
(2863, 'Xã Hoàng Thu Phố', 'Xã', 85, 0),
(2866, 'Xã Bản Phố', 'Xã', 85, 0),
(2869, 'Xã Bản Liền', 'Xã', 85, 0),
(2872, 'Xã Tà Chải', 'Xã', 85, 0),
(2875, 'Xã Na Hối', 'Xã', 85, 0),
(2878, 'Xã Cốc Ly', 'Xã', 85, 0),
(2881, 'Xã Nậm Mòn', 'Xã', 85, 0),
(2884, 'Xã Nậm Đét', 'Xã', 85, 0),
(2887, 'Xã Nậm Khánh', 'Xã', 85, 0),
(2890, 'Xã Bảo Nhai', 'Xã', 85, 0),
(2893, 'Xã Nậm Lúc', 'Xã', 85, 0),
(2896, 'Xã Cốc Lầu', 'Xã', 85, 0),
(2899, 'Xã Bản Cái', 'Xã', 85, 0),
(2902, 'Thị trấn N.T Phong Hải', 'Thị trấn', 86, 0),
(2905, 'Thị trấn Phố Lu', 'Thị trấn', 86, 0),
(2908, 'Thị trấn Tằng Loỏng', 'Thị trấn', 86, 0),
(2911, 'Xã Bản Phiệt', 'Xã', 86, 0),
(2914, 'Xã Bản Cầm', 'Xã', 86, 0),
(2917, 'Xã Thái Niên', 'Xã', 86, 0),
(2920, 'Xã Phong Niên', 'Xã', 86, 0),
(2923, 'Xã Gia Phú', 'Xã', 86, 0),
(2926, 'Xã Xuân Quang', 'Xã', 86, 0),
(2929, 'Xã Sơn Hải', 'Xã', 86, 0),
(2932, 'Xã Xuân Giao', 'Xã', 86, 0),
(2935, 'Xã Trì Quang', 'Xã', 86, 0),
(2938, 'Xã Sơn Hà', 'Xã', 86, 0),
(2941, 'Xã Phố Lu', 'Xã', 86, 0),
(2944, 'Xã Phú Nhuận', 'Xã', 86, 0),
(2947, 'Thị trấn Phố Ràng', 'Thị trấn', 87, 0),
(2950, 'Xã Tân Tiến', 'Xã', 87, 0),
(2953, 'Xã Nghĩa Đô', 'Xã', 87, 0),
(2956, 'Xã Vĩnh Yên', 'Xã', 87, 0),
(2959, 'Xã Điện Quan', 'Xã', 87, 0),
(2962, 'Xã Xuân Hoà', 'Xã', 87, 0),
(2965, 'Xã Tân Dương', 'Xã', 87, 0),
(2968, 'Xã Thượng Hà', 'Xã', 87, 0),
(2971, 'Xã Kim Sơn', 'Xã', 87, 0),
(2974, 'Xã Cam Cọn', 'Xã', 87, 0),
(2977, 'Xã Minh Tân', 'Xã', 87, 0),
(2980, 'Xã Xuân Thượng', 'Xã', 87, 0),
(2983, 'Xã Việt Tiến', 'Xã', 87, 0),
(2986, 'Xã Yên Sơn', 'Xã', 87, 0),
(2989, 'Xã Bảo Hà', 'Xã', 87, 0),
(2992, 'Xã Lương Sơn', 'Xã', 87, 0),
(2995, 'Xã Long Phúc', 'Xã', 87, 0),
(2998, 'Xã Long Khánh', 'Xã', 87, 0),
(3001, 'Thị trấn Sa Pa', 'Thị trấn', 88, 0),
(3004, 'Xã Bản Khoang', 'Xã', 88, 0),
(3007, 'Xã Tả Giàng Phình', 'Xã', 88, 0),
(3010, 'Xã Trung Chải', 'Xã', 88, 0),
(3013, 'Xã Tả Phìn', 'Xã', 88, 0),
(3016, 'Xã Sa Pả', 'Xã', 88, 0),
(3019, 'Xã San Sả Hồ', 'Xã', 88, 0),
(3022, 'Xã Bản Phùng', 'Xã', 88, 0),
(3025, 'Xã Hầu Thào', 'Xã', 88, 0),
(3028, 'Xã Lao Chải', 'Xã', 88, 0),
(3031, 'Xã Thanh Kim', 'Xã', 88, 0),
(3034, 'Xã Suối Thầu', 'Xã', 88, 0),
(3037, 'Xã Sử Pán', 'Xã', 88, 0),
(3040, 'Xã Tả Van', 'Xã', 88, 0),
(3043, 'Xã Thanh Phú', 'Xã', 88, 0),
(3046, 'Xã Bản Hồ', 'Xã', 88, 0),
(3049, 'Xã Nậm Sài', 'Xã', 88, 0),
(3052, 'Xã Nậm Cang', 'Xã', 88, 0),
(3055, 'Thị trấn Khánh Yên', 'Thị trấn', 89, 0),
(3058, 'Xã Văn Sơn', 'Xã', 89, 0),
(3061, 'Xã Võ Lao', 'Xã', 89, 0),
(3064, 'Xã Sơn Thuỷ', 'Xã', 89, 0),
(3067, 'Xã Nậm Mả', 'Xã', 89, 0),
(3070, 'Xã Tân Thượng', 'Xã', 89, 0),
(3073, 'Xã Nậm Rạng', 'Xã', 89, 0),
(3076, 'Xã Nậm Chầy', 'Xã', 89, 0),
(3079, 'Xã Tân An', 'Xã', 89, 0),
(3082, 'Xã Khánh Yên Thượng', 'Xã', 89, 0),
(3085, 'Xã Nậm Xé', 'Xã', 89, 0),
(3088, 'Xã Dần Thàng', 'Xã', 89, 0),
(3091, 'Xã Chiềng Ken', 'Xã', 89, 0),
(3094, 'Xã Làng Giàng', 'Xã', 89, 0),
(3097, 'Xã Hoà Mạc', 'Xã', 89, 0),
(3100, 'Xã Khánh Yên Trung', 'Xã', 89, 0),
(3103, 'Xã Khánh Yên Hạ', 'Xã', 89, 0),
(3106, 'Xã Dương Quỳ', 'Xã', 89, 0),
(3109, 'Xã Nậm Tha', 'Xã', 89, 0),
(3112, 'Xã Minh Lương', 'Xã', 89, 0),
(3115, 'Xã Thẩm Dương', 'Xã', 89, 0),
(3118, 'Xã Liêm Phú', 'Xã', 89, 0),
(3121, 'Xã Nậm Xây', 'Xã', 89, 0),
(3124, 'Phường Noong Bua', 'Phường', 94, 0),
(3127, 'Phường Him Lam', 'Phường', 94, 0),
(3130, 'Phường Thanh Bình', 'Phường', 94, 0),
(3133, 'Phường Tân Thanh', 'Phường', 94, 0),
(3136, 'Phường Mường Thanh', 'Phường', 94, 0),
(3139, 'Phường Nam Thanh', 'Phường', 94, 0),
(3142, 'Phường Thanh Trường', 'Phường', 94, 0),
(3144, 'Xã Tà Lèng', 'Xã', 94, 0),
(3145, 'Xã Thanh Minh', 'Xã', 94, 0),
(3148, 'Phường Sông Đà', 'Phường', 95, 0),
(3151, 'Phường Na Lay', 'Phường', 95, 0),
(3154, 'Xã Sín Thầu', 'Xã', 96, 0),
(3155, 'Xã Sen Thượng', 'Xã', 96, 0),
(3156, 'Xã Nậm Tin', 'Xã', 103, 0),
(3157, 'Xã Chung Chải', 'Xã', 96, 0),
(3158, 'Xã Leng Su Sìn', 'Xã', 96, 0),
(3159, 'Xã Pá Mỳ', 'Xã', 96, 0),
(3160, 'Xã Mường Nhé', 'Xã', 96, 0),
(3161, 'Xã Nậm Vì', 'Xã', 96, 0),
(3162, 'Xã Nậm Kè', 'Xã', 96, 0),
(3163, 'Xã Mường Toong', 'Xã', 96, 0),
(3164, 'Xã Quảng Lâm', 'Xã', 96, 0),
(3165, 'Xã Pa Tần', 'Xã', 103, 0),
(3166, 'Xã Chà Cang', 'Xã', 103, 0),
(3167, 'Xã Na Cô Sa', 'Xã', 103, 0),
(3168, 'Xã Nà Khoa', 'Xã', 103, 0),
(3169, 'Xã Nà Hỳ', 'Xã', 103, 0),
(3170, 'Xã Nà Bủng', 'Xã', 103, 0),
(3171, 'Xã Nậm Nhừ', 'Xã', 103, 0),
(3172, 'Thị Trấn Mường Chà', 'Thị trấn', 97, 0),
(3173, 'Xã Nậm Chua', 'Xã', 103, 0),
(3174, 'Xã Nậm Khăn', 'Xã', 103, 0),
(3175, 'Xã Chà Tở', 'Xã', 103, 0),
(3176, 'Xã Vàng Đán', 'Xã', 103, 0),
(3177, 'Xã Huổi Lếnh', 'Xã', 96, 0),
(3178, 'Xã Xá Tổng', 'Xã', 97, 0),
(3181, 'Xã Mường Tùng', 'Xã', 97, 0),
(3184, 'Xã Lay Nưa', 'Xã', 95, 0),
(3187, 'Xã Chà Nưa', 'Xã', 103, 0),
(3190, 'Xã Hừa Ngài', 'Xã', 97, 0),
(3191, 'Xã Huổi Mí', 'Xã', 97, 0),
(3193, 'Xã Pa Ham', 'Xã', 97, 0),
(3194, 'Xã Nậm Nèn', 'Xã', 97, 0),
(3196, 'Xã Huổi Lèng', 'Xã', 97, 0),
(3197, 'Xã Sa Lông', 'Xã', 97, 0),
(3198, 'Xã Phìn Hồ', 'Xã', 103, 0),
(3199, 'Xã Si Pa Phìn', 'Xã', 103, 0),
(3200, 'Xã Ma Thì Hồ', 'Xã', 97, 0),
(3201, 'Xã Na Sang', 'Xã', 97, 0),
(3202, 'Xã Mường Mươn', 'Xã', 97, 0),
(3203, 'Thị trấn Điện Biên Đông', 'Thị trấn', 101, 0),
(3205, 'Xã Na Son', 'Xã', 101, 0),
(3208, 'Xã Phì Nhừ', 'Xã', 101, 0),
(3211, 'Xã Chiềng Sơ', 'Xã', 101, 0),
(3214, 'Xã Mường Luân', 'Xã', 101, 0),
(3217, 'Thị trấn Tủa Chùa', 'Thị trấn', 98, 0),
(3220, 'Xã Huổi Só', 'Xã', 98, 0),
(3223, 'Xã Xín Chải', 'Xã', 98, 0),
(3226, 'Xã Tả Sìn Thàng', 'Xã', 98, 0),
(3229, 'Xã Lao Xả Phình', 'Xã', 98, 0),
(3232, 'Xã Tả Phìn', 'Xã', 98, 0),
(3235, 'Xã Tủa Thàng', 'Xã', 98, 0),
(3238, 'Xã Trung Thu', 'Xã', 98, 0),
(3241, 'Xã Sính Phình', 'Xã', 98, 0),
(3244, 'Xã Sáng Nhè', 'Xã', 98, 0),
(3247, 'Xã Mường Đun', 'Xã', 98, 0),
(3250, 'Xã Mường Báng', 'Xã', 98, 0),
(3253, 'Thị trấn Tuần Giáo', 'Thị trấn', 99, 0),
(3256, 'Thị trấn Mường Ảng', 'Thị trấn', 102, 0),
(3259, 'Xã Phình Sáng', 'Xã', 99, 0),
(3260, 'Xã Rạng Đông', 'Xã', 99, 0),
(3262, 'Xã Mùn Chung', 'Xã', 99, 0),
(3263, 'Xã Nà Tòng', 'Xã', 99, 0),
(3265, 'Xã Ta Ma', 'Xã', 99, 0),
(3268, 'Xã Mường Mùn', 'Xã', 99, 0),
(3269, 'Xã Pú Xi', 'Xã', 99, 0),
(3271, 'Xã Pú Nhung', 'Xã', 99, 0),
(3274, 'Xã Quài Nưa', 'Xã', 99, 0),
(3277, 'Xã Mường Thín', 'Xã', 99, 0),
(3280, 'Xã Tỏa Tình', 'Xã', 99, 0),
(3283, 'Xã Nà Sáy', 'Xã', 99, 0),
(3284, 'Xã Mường Khong', 'Xã', 99, 0),
(3286, 'Xã Mường Đăng', 'Xã', 102, 0),
(3287, 'Xã Ngối Cáy', 'Xã', 102, 0),
(3289, 'Xã Quài Cang', 'Xã', 99, 0),
(3292, 'Xã Ẳng Tở', 'Xã', 102, 0),
(3295, 'Xã Quài Tở', 'Xã', 99, 0),
(3298, 'Xã Chiềng Sinh', 'Xã', 99, 0),
(3299, 'Xã Chiềng Đông', 'Xã', 99, 0),
(3301, 'Xã Búng Lao', 'Xã', 102, 0),
(3302, 'Xã Xuân Lao', 'Xã', 102, 0),
(3304, 'Xã Tênh Phông', 'Xã', 99, 0),
(3307, 'Xã Ẳng Nưa', 'Xã', 102, 0),
(3310, 'Xã Ẳng Cang', 'Xã', 102, 0),
(3312, 'Xã Nặm Lịch', 'Xã', 102, 0),
(3313, 'Xã Mường Lạn', 'Xã', 102, 0),
(3316, 'Xã Nà Tấu', 'Xã', 100, 0),
(3317, 'Xã Nà Nhạn', 'Xã', 100, 0),
(3319, 'Xã Mường Pồn', 'Xã', 100, 0),
(3322, 'Xã Thanh Nưa', 'Xã', 100, 0),
(3323, 'Xã Hua Thanh', 'Xã', 100, 0),
(3325, 'Xã Mường Phăng', 'Xã', 100, 0),
(3326, 'Xã Pá Khoang', 'Xã', 100, 0),
(3328, 'Xã Thanh Luông', 'Xã', 100, 0),
(3331, 'Xã Thanh Hưng', 'Xã', 100, 0),
(3334, 'Xã Thanh Xương', 'Xã', 100, 0),
(3337, 'Xã Thanh Chăn', 'Xã', 100, 0),
(3340, 'Xã Pa Thơm', 'Xã', 100, 0),
(3343, 'Xã Thanh An', 'Xã', 100, 0),
(3346, 'Xã Thanh Yên', 'Xã', 100, 0),
(3349, 'Xã Noong Luống', 'Xã', 100, 0),
(3352, 'Xã Noọng Hẹt', 'Xã', 100, 0),
(3355, 'Xã Sam Mứn', 'Xã', 100, 0),
(3356, 'Xã Pom Lót', 'Xã', 100, 0),
(3358, 'Xã Núa Ngam', 'Xã', 100, 0),
(3359, 'Xã Hẹ Muông', 'Xã', 100, 0),
(3361, 'Xã Na Ư', 'Xã', 100, 0),
(3364, 'Xã Mường Nhà', 'Xã', 100, 0),
(3365, 'Xã Na Tông', 'Xã', 100, 0),
(3367, 'Xã Mường Lói', 'Xã', 100, 0),
(3368, 'Xã Phu Luông', 'Xã', 100, 0),
(3370, 'Xã Pú Nhi', 'Xã', 101, 0),
(3371, 'Xã Nong U', 'Xã', 101, 0),
(3373, 'Xã Xa Dung', 'Xã', 101, 0),
(3376, 'Xã Keo Lôm', 'Xã', 101, 0),
(3379, 'Xã Luân Giới', 'Xã', 101, 0),
(3382, 'Xã Phình Giàng', 'Xã', 101, 0),
(3383, 'Xã Pú Hồng', 'Xã', 101, 0),
(3384, 'Xã Tìa Dình', 'Xã', 101, 0),
(3385, 'Xã Háng Lìa', 'Xã', 101, 0),
(3386, 'Phường Quyết Thắng', 'Phường', 105, 0),
(3387, 'Phường Tân Phong', 'Phường', 105, 0),
(3388, 'Phường Quyết Tiến', 'Phường', 105, 0),
(3389, 'Phường Đoàn Kết', 'Phường', 105, 0),
(3390, 'Thị trấn Tam Đường', 'Thị trấn', 106, 0),
(3391, 'Xã Lả Nhì Thàng', 'Xã', 109, 0),
(3394, 'Xã Thèn Sin', 'Xã', 106, 0),
(3397, 'Xã Sùng Phài', 'Xã', 106, 0),
(3400, 'Xã Tả Lèng', 'Xã', 106, 0),
(3403, 'Xã Nậm Loỏng', 'Xã', 105, 0),
(3405, 'Xã Giang Ma', 'Xã', 106, 0),
(3406, 'Xã Hồ Thầu', 'Xã', 106, 0),
(3408, 'Phường Đông Phong', 'Phường', 105, 0),
(3409, 'Xã San Thàng', 'Xã', 105, 0),
(3412, 'Xã Bình Lư', 'Xã', 106, 0),
(3413, 'Xã Sơn Bình', 'Xã', 106, 0),
(3415, 'Xã Nùng Nàng', 'Xã', 106, 0),
(3418, 'Xã Bản Giang', 'Xã', 106, 0),
(3421, 'Xã Bản Hon', 'Xã', 106, 0),
(3424, 'Xã Bản Bo', 'Xã', 106, 0),
(3427, 'Xã Nà Tăm', 'Xã', 106, 0),
(3430, 'Xã Khun Há', 'Xã', 106, 0),
(3433, 'Thị trấn Mường Tè', 'Thị trấn', 107, 0),
(3434, 'Thị trấn Nậm Nhùn', 'Thị trấn', 112, 0),
(3436, 'Xã Thu Lũm', 'Xã', 107, 0),
(3439, 'Xã Ka Lăng', 'Xã', 107, 0),
(3440, 'Xã Tá Bạ', 'Xã', 107, 0),
(3442, 'Xã Pa ủ', 'Xã', 107, 0),
(3445, 'Xã Mường Tè', 'Xã', 107, 0),
(3448, 'Xã Pa Vệ Sử', 'Xã', 107, 0),
(3451, 'Xã Mù Cả', 'Xã', 107, 0),
(3454, 'Xã Bun Tở', 'Xã', 107, 0),
(3457, 'Xã Nậm Khao', 'Xã', 107, 0),
(3460, 'Xã Hua Bun', 'Xã', 112, 0),
(3463, 'Xã Tà Tổng', 'Xã', 107, 0),
(3466, 'Xã Bun Nưa', 'Xã', 107, 0),
(3467, 'Xã Vàng San', 'Xã', 107, 0),
(3469, 'Xã Kan Hồ', 'Xã', 107, 0),
(3472, 'Xã Mường Mô', 'Xã', 112, 0),
(3473, 'Xã Nậm Chà', 'Xã', 112, 0),
(3474, 'Xã Nậm Manh', 'Xã', 112, 0),
(3475, 'Xã Nậm Hàng', 'Xã', 112, 0),
(3478, 'Thị trấn Sìn Hồ', 'Thị trấn', 108, 0),
(3481, 'Xã Lê Lợi', 'Xã', 112, 0),
(3484, 'Xã Pú Đao', 'Xã', 112, 0),
(3487, 'Xã Chăn Nưa', 'Xã', 108, 0),
(3488, 'Xã Nậm Pì', 'Xã', 112, 0),
(3490, 'Xã Huổi Luông', 'Xã', 109, 0),
(3493, 'Xã Pa Tần', 'Xã', 108, 0),
(3496, 'Xã Phìn Hồ', 'Xã', 108, 0),
(3499, 'Xã Hồng Thu', 'Xã', 108, 0),
(3502, 'Xã Nậm Ban', 'Xã', 112, 0),
(3503, 'Xã Trung Chải', 'Xã', 112, 0),
(3505, 'Xã Phăng Sô Lin', 'Xã', 108, 0),
(3508, 'Xã Ma Quai', 'Xã', 108, 0),
(3509, 'Xã Lùng Thàng', 'Xã', 108, 0),
(3511, 'Xã Tả Phìn', 'Xã', 108, 0),
(3514, 'Xã Sà Dề Phìn', 'Xã', 108, 0),
(3517, 'Xã Nậm Tăm', 'Xã', 108, 0),
(3520, 'Xã Tả Ngảo', 'Xã', 108, 0),
(3523, 'Xã Pu Sam Cáp', 'Xã', 108, 0),
(3526, 'Xã Nậm Cha', 'Xã', 108, 0),
(3527, 'Xã Pa Khoá', 'Xã', 108, 0),
(3529, 'Xã Làng Mô', 'Xã', 108, 0),
(3532, 'Xã Noong Hẻo', 'Xã', 108, 0),
(3535, 'Xã Nậm Mạ', 'Xã', 108, 0),
(3538, 'Xã Căn Co', 'Xã', 108, 0),
(3541, 'Xã Tủa Sín Chải', 'Xã', 108, 0),
(3544, 'Xã Nậm Cuổi', 'Xã', 108, 0),
(3547, 'Xã Nậm Hăn', 'Xã', 108, 0),
(3549, 'Thị trấn Phong Thổ', 'Thị trấn', 109, 0),
(3550, 'Xã Sì Lờ Lầu', 'Xã', 109, 0),
(3553, 'Xã Mồ Sì San', 'Xã', 109, 0),
(3556, 'Xã Ma Li Chải', 'Xã', 109, 0),
(3559, 'Xã Pa Vây Sử', 'Xã', 109, 0),
(3562, 'Xã Vàng Ma Chải', 'Xã', 109, 0),
(3565, 'Xã Tông Qua Lìn', 'Xã', 109, 0),
(3568, 'Xã Mù Sang', 'Xã', 109, 0),
(3571, 'Xã Dào San', 'Xã', 109, 0),
(3574, 'Xã Ma Ly Pho', 'Xã', 109, 0),
(3577, 'Xã Bản Lang', 'Xã', 109, 0),
(3580, 'Xã Hoang Thèn', 'Xã', 109, 0),
(3583, 'Xã Khổng Lào', 'Xã', 109, 0),
(3586, 'Xã Nậm Xe', 'Xã', 109, 0),
(3589, 'Xã Mường So', 'Xã', 109, 0),
(3592, 'Xã Sin Suối Hồ', 'Xã', 109, 0),
(3595, 'Thị trấn Than Uyên', 'Thị trấn', 110, 0),
(3598, 'Thị trấn Tân Uyên', 'Thị trấn', 111, 0),
(3601, 'Xã Mường Khoa', 'Xã', 111, 0),
(3602, 'Xã Phúc Khoa', 'Xã', 111, 0),
(3604, 'Xã Thân Thuộc', 'Xã', 111, 0),
(3605, 'Xã Trung Đồng', 'Xã', 111, 0),
(3607, 'Xã Hố Mít', 'Xã', 111, 0),
(3610, 'Xã Nậm Cần', 'Xã', 111, 0),
(3613, 'Xã Nậm Sỏ', 'Xã', 111, 0),
(3616, 'Xã Pắc Ta', 'Xã', 111, 0),
(3618, 'Xã Phúc Than', 'Xã', 110, 0),
(3619, 'Xã Mường Than', 'Xã', 110, 0),
(3622, 'Xã Tà Mít', 'Xã', 111, 0),
(3625, 'Xã Mường Mít', 'Xã', 110, 0),
(3628, 'Xã Pha Mu', 'Xã', 110, 0),
(3631, 'Xã Mường Cang', 'Xã', 110, 0),
(3632, 'Xã Hua Nà', 'Xã', 110, 0),
(3634, 'Xã Tà Hừa', 'Xã', 110, 0),
(3637, 'Xã Mường Kim', 'Xã', 110, 0),
(3638, 'Xã Tà Mung', 'Xã', 110, 0),
(3640, 'Xã Tà Gia', 'Xã', 110, 0),
(3643, 'Xã Khoen On', 'Xã', 110, 0),
(3646, 'Phường Chiềng Lề', 'Phường', 116, 0),
(3649, 'Phường Tô Hiệu', 'Phường', 116, 0),
(3652, 'Phường Quyết Thắng', 'Phường', 116, 0),
(3655, 'Phường Quyết Tâm', 'Phường', 116, 0),
(3658, 'Xã Chiềng Cọ', 'Xã', 116, 0),
(3661, 'Xã Chiềng Đen', 'Xã', 116, 0),
(3664, 'Xã Chiềng Xôm', 'Xã', 116, 0),
(3667, 'Phường Chiềng An', 'Phường', 116, 0),
(3670, 'Phường Chiềng Cơi', 'Phường', 116, 0),
(3673, 'Xã Chiềng Ngần', 'Xã', 116, 0),
(3676, 'Xã Hua La', 'Xã', 116, 0),
(3679, 'Phường Chiềng Sinh', 'Phường', 116, 0),
(3682, 'Xã Mường Chiên', 'Xã', 118, 0),
(3685, 'Xã Cà Nàng', 'Xã', 118, 0),
(3688, 'Xã Chiềng Khay', 'Xã', 118, 0),
(3694, 'Xã Mường Giôn', 'Xã', 118, 0),
(3697, 'Xã Pá Ma Pha Khinh', 'Xã', 118, 0),
(3700, 'Xã Chiềng Ơn', 'Xã', 118, 0),
(3703, 'Xã Mường Giàng', 'Xã', 118, 0),
(3706, 'Xã Chiềng Bằng', 'Xã', 118, 0),
(3709, 'Xã Mường Sại', 'Xã', 118, 0),
(3712, 'Xã Nậm ét', 'Xã', 118, 0),
(3718, 'Xã Chiềng Khoang', 'Xã', 118, 0),
(3721, 'Thị trấn Thuận Châu', 'Thị trấn', 119, 0),
(3724, 'Xã Phỏng Lái', 'Xã', 119, 0),
(3727, 'Xã Mường é', 'Xã', 119, 0),
(3730, 'Xã Chiềng Pha', 'Xã', 119, 0),
(3733, 'Xã Chiềng La', 'Xã', 119, 0),
(3736, 'Xã Chiềng Ngàm', 'Xã', 119, 0),
(3739, 'Xã Liệp Tè', 'Xã', 119, 0),
(3742, 'Xã é Tòng', 'Xã', 119, 0),
(3745, 'Xã Phỏng Lập', 'Xã', 119, 0),
(3748, 'Xã Chiềng Sơ', 'Xã', 119, 0),
(3751, 'Xã Chiềng Ly', 'Xã', 119, 0),
(3754, 'Xã Nong Lay', 'Xã', 119, 0),
(3757, 'Xã Mường Khiêng', 'Xã', 119, 0),
(3760, 'Xã Mường Bám', 'Xã', 119, 0),
(3763, 'Xã Long Hẹ', 'Xã', 119, 0),
(3766, 'Xã Chiềng Bôm', 'Xã', 119, 0),
(3769, 'Xã Thôn Mòn', 'Xã', 119, 0),
(3772, 'Xã Tòng Lệnh', 'Xã', 119, 0),
(3775, 'Xã Tòng Cọ', 'Xã', 119, 0),
(3778, 'Xã Bó Mười', 'Xã', 119, 0),
(3781, 'Xã Co Mạ', 'Xã', 119, 0),
(3784, 'Xã Púng Tra', 'Xã', 119, 0),
(3787, 'Xã Chiềng Pấc', 'Xã', 119, 0),
(3790, 'Xã Nậm Lầu', 'Xã', 119, 0),
(3793, 'Xã Bon Phặng', 'Xã', 119, 0),
(3796, 'Xã Co Tòng', 'Xã', 119, 0),
(3799, 'Xã Muội Nọi', 'Xã', 119, 0),
(3802, 'Xã Pá Lông', 'Xã', 119, 0),
(3805, 'Xã Bản Lầm', 'Xã', 119, 0),
(3808, 'Thị trấn Ít Ong', 'Thị trấn', 120, 0),
(3811, 'Xã Nậm Giôn', 'Xã', 120, 0),
(3814, 'Xã Chiềng Lao', 'Xã', 120, 0),
(3817, 'Xã Hua Trai', 'Xã', 120, 0),
(3820, 'Xã Ngọc Chiến', 'Xã', 120, 0),
(3823, 'Xã Mường Trai', 'Xã', 120, 0),
(3826, 'Xã Nậm Păm', 'Xã', 120, 0),
(3829, 'Xã Chiềng Muôn', 'Xã', 120, 0),
(3832, 'Xã Chiềng Ân', 'Xã', 120, 0),
(3835, 'Xã Pi Toong', 'Xã', 120, 0),
(3838, 'Xã Chiềng Công', 'Xã', 120, 0),
(3841, 'Xã Tạ Bú', 'Xã', 120, 0),
(3844, 'Xã Chiềng San', 'Xã', 120, 0),
(3847, 'Xã Mường Bú', 'Xã', 120, 0),
(3850, 'Xã Chiềng Hoa', 'Xã', 120, 0),
(3853, 'Xã Mường Chùm', 'Xã', 120, 0),
(3856, 'Thị trấn Bắc Yên', 'Thị trấn', 121, 0),
(3859, 'Xã Phiêng Ban', 'Xã', 121, 0),
(3862, 'Xã Hang Chú', 'Xã', 121, 0),
(3865, 'Xã Xín Vàng', 'Xã', 121, 0),
(3868, 'Xã Tà Xùa', 'Xã', 121, 0),
(3869, 'Xã Háng Đồng', 'Xã', 121, 0),
(3871, 'Xã Bắc Ngà', 'Xã', 121, 0),
(3874, 'Xã Làng Chếu', 'Xã', 121, 0),
(3877, 'Xã Chim Vàn', 'Xã', 121, 0),
(3880, 'Xã Mường Khoa', 'Xã', 121, 0),
(3883, 'Xã Song Pe', 'Xã', 121, 0),
(3886, 'Xã Hồng Ngài', 'Xã', 121, 0),
(3889, 'Xã Tạ Khoa', 'Xã', 121, 0),
(3890, 'Xã Hua Nhàn', 'Xã', 121, 0),
(3892, 'Xã Phiêng Kôn', 'Xã', 121, 0),
(3895, 'Xã Chiềng Sại', 'Xã', 121, 0),
(3898, 'Thị trấn Phù Yên', 'Thị trấn', 122, 0);
INSERT INTO `town` (`id`, `townName`, `type`, `districtId`, `checked`) VALUES
(3901, 'Xã Suối Tọ', 'Xã', 122, 0),
(3904, 'Xã Mường Thải', 'Xã', 122, 0),
(3907, 'Xã Mường Cơi', 'Xã', 122, 0),
(3910, 'Xã Quang Huy', 'Xã', 122, 0),
(3913, 'Xã Huy Bắc', 'Xã', 122, 0),
(3916, 'Xã Huy Thượng', 'Xã', 122, 0),
(3919, 'Xã Tân Lang', 'Xã', 122, 0),
(3922, 'Xã Gia Phù', 'Xã', 122, 0),
(3925, 'Xã Tường Phù', 'Xã', 122, 0),
(3928, 'Xã Huy Hạ', 'Xã', 122, 0),
(3931, 'Xã Huy Tân', 'Xã', 122, 0),
(3934, 'Xã Mường Lang', 'Xã', 122, 0),
(3937, 'Xã Suối Bau', 'Xã', 122, 0),
(3940, 'Xã Huy Tường', 'Xã', 122, 0),
(3943, 'Xã Mường Do', 'Xã', 122, 0),
(3946, 'Xã Sập Xa', 'Xã', 122, 0),
(3949, 'Xã Tường Thượng', 'Xã', 122, 0),
(3952, 'Xã Tường Tiến', 'Xã', 122, 0),
(3955, 'Xã Tường Phong', 'Xã', 122, 0),
(3958, 'Xã Tường Hạ', 'Xã', 122, 0),
(3961, 'Xã Kim Bon', 'Xã', 122, 0),
(3964, 'Xã Mường Bang', 'Xã', 122, 0),
(3967, 'Xã Đá Đỏ', 'Xã', 122, 0),
(3970, 'Xã Tân Phong', 'Xã', 122, 0),
(3973, 'Xã Nam Phong', 'Xã', 122, 0),
(3976, 'Xã Bắc Phong', 'Xã', 122, 0),
(3979, 'Thị trấn Mộc Châu', 'Thị trấn', 123, 0),
(3982, 'Thị trấn NT Mộc Châu', 'Thị trấn', 123, 0),
(3985, 'Xã Chiềng Sơn', 'Xã', 123, 0),
(3988, 'Xã Tân Hợp', 'Xã', 123, 0),
(3991, 'Xã Qui Hướng', 'Xã', 123, 0),
(3994, 'Xã Suối Bàng', 'Xã', 128, 0),
(3997, 'Xã Tân Lập', 'Xã', 123, 0),
(4000, 'Xã Nà Mường', 'Xã', 123, 0),
(4003, 'Xã Tà Lai', 'Xã', 123, 0),
(4006, 'Xã Song Khủa', 'Xã', 128, 0),
(4009, 'Xã Liên Hoà', 'Xã', 128, 0),
(4012, 'Xã Chiềng Hắc', 'Xã', 123, 0),
(4015, 'Xã Hua Păng', 'Xã', 123, 0),
(4018, 'Xã Tô Múa', 'Xã', 128, 0),
(4021, 'Xã Mường Tè', 'Xã', 128, 0),
(4024, 'Xã Chiềng Khừa', 'Xã', 123, 0),
(4027, 'Xã Mường Sang', 'Xã', 123, 0),
(4030, 'Xã Đông Sang', 'Xã', 123, 0),
(4033, 'Xã Phiêng Luông', 'Xã', 123, 0),
(4036, 'Xã Chiềng Khoa', 'Xã', 128, 0),
(4039, 'Xã Mường Men', 'Xã', 128, 0),
(4042, 'Xã Quang Minh', 'Xã', 128, 0),
(4045, 'Xã Lóng Sập', 'Xã', 123, 0),
(4048, 'Xã Vân Hồ', 'Xã', 128, 0),
(4051, 'Xã Lóng Luông', 'Xã', 128, 0),
(4054, 'Xã Chiềng Yên', 'Xã', 128, 0),
(4056, 'Xã Chiềng Xuân', 'Xã', 128, 0),
(4057, 'Xã Xuân Nha', 'Xã', 128, 0),
(4058, 'Xã Tân Xuân', 'Xã', 128, 0),
(4060, 'Thị trấn Yên Châu', 'Thị trấn', 124, 0),
(4063, 'Xã Chiềng Đông', 'Xã', 124, 0),
(4066, 'Xã Sập Vạt', 'Xã', 124, 0),
(4069, 'Xã Chiềng Sàng', 'Xã', 124, 0),
(4072, 'Xã Chiềng Pằn', 'Xã', 124, 0),
(4075, 'Xã Viêng Lán', 'Xã', 124, 0),
(4078, 'Xã Chiềng Hặc', 'Xã', 124, 0),
(4081, 'Xã Mường Lựm', 'Xã', 124, 0),
(4084, 'Xã Chiềng On', 'Xã', 124, 0),
(4087, 'Xã Yên Sơn', 'Xã', 124, 0),
(4090, 'Xã Chiềng Khoi', 'Xã', 124, 0),
(4093, 'Xã Tú Nang', 'Xã', 124, 0),
(4096, 'Xã Lóng Phiêng', 'Xã', 124, 0),
(4099, 'Xã Phiêng Khoài', 'Xã', 124, 0),
(4102, 'Xã Chiềng Tương', 'Xã', 124, 0),
(4105, 'Thị trấn Hát Lót', 'Thị trấn', 125, 0),
(4108, 'Xã Chiềng Sung', 'Xã', 125, 0),
(4111, 'Xã Mường Bằng', 'Xã', 125, 0),
(4114, 'Xã Chiềng Chăn', 'Xã', 125, 0),
(4117, 'Xã Mương Tranh', 'Xã', 125, 0),
(4120, 'Xã Chiềng Ban', 'Xã', 125, 0),
(4123, 'Xã Chiềng Mung', 'Xã', 125, 0),
(4126, 'Xã Mường Bon', 'Xã', 125, 0),
(4129, 'Xã Chiềng Chung', 'Xã', 125, 0),
(4132, 'Xã Chiềng Mai', 'Xã', 125, 0),
(4135, 'Xã Hát Lót', 'Xã', 125, 0),
(4136, 'Xã Nà Pó', 'Xã', 125, 0),
(4138, 'Xã Cò  Nòi', 'Xã', 125, 0),
(4141, 'Xã Chiềng Nơi', 'Xã', 125, 0),
(4144, 'Xã Phiêng Cằm', 'Xã', 125, 0),
(4147, 'Xã Chiềng Dong', 'Xã', 125, 0),
(4150, 'Xã Chiềng Kheo', 'Xã', 125, 0),
(4153, 'Xã Chiềng Ve', 'Xã', 125, 0),
(4156, 'Xã Chiềng Lương', 'Xã', 125, 0),
(4159, 'Xã Phiêng Pằn', 'Xã', 125, 0),
(4162, 'Xã Nà Ơt', 'Xã', 125, 0),
(4165, 'Xã Tà Hộc', 'Xã', 125, 0),
(4168, 'Thị trấn Sông Mã', 'Thị trấn', 126, 0),
(4171, 'Xã Bó Sinh', 'Xã', 126, 0),
(4174, 'Xã Pú Pẩu', 'Xã', 126, 0),
(4177, 'Xã Chiềng Phung', 'Xã', 126, 0),
(4180, 'Xã Chiềng En', 'Xã', 126, 0),
(4183, 'Xã Mường Lầm', 'Xã', 126, 0),
(4186, 'Xã Nậm Ty', 'Xã', 126, 0),
(4189, 'Xã Đứa Mòn', 'Xã', 126, 0),
(4192, 'Xã Yên Hưng', 'Xã', 126, 0),
(4195, 'Xã Chiềng Sơ', 'Xã', 126, 0),
(4198, 'Xã Nà Ngựu', 'Xã', 126, 0),
(4201, 'Xã Nậm Mằn', 'Xã', 126, 0),
(4204, 'Xã Chiềng Khoong', 'Xã', 126, 0),
(4207, 'Xã Chiềng Cang', 'Xã', 126, 0),
(4210, 'Xã Huổi Một', 'Xã', 126, 0),
(4213, 'Xã Mường Sai', 'Xã', 126, 0),
(4216, 'Xã Mường Cai', 'Xã', 126, 0),
(4219, 'Xã Mường Hung', 'Xã', 126, 0),
(4222, 'Xã Chiềng Khương', 'Xã', 126, 0),
(4225, 'Xã Sam Kha', 'Xã', 127, 0),
(4228, 'Xã Púng Bánh', 'Xã', 127, 0),
(4231, 'Xã Xốp Cộp', 'Xã', 127, 0),
(4234, 'Xã Dồm Cang', 'Xã', 127, 0),
(4237, 'Xã Nậm Lạnh', 'Xã', 127, 0),
(4240, 'Xã Mường Lèo', 'Xã', 127, 0),
(4243, 'Xã Mường Và', 'Xã', 127, 0),
(4246, 'Xã Mường Lạn', 'Xã', 127, 0),
(4249, 'Phường Yên Thịnh', 'Phường', 132, 0),
(4252, 'Phường Yên Ninh', 'Phường', 132, 0),
(4255, 'Phường Minh Tân', 'Phường', 132, 0),
(4258, 'Phường Nguyễn Thái Học', 'Phường', 132, 0),
(4261, 'Phường Đồng Tâm', 'Phường', 132, 0),
(4264, 'Phường Nguyễn Phúc', 'Phường', 132, 0),
(4267, 'Phường Hồng Hà', 'Phường', 132, 0),
(4270, 'Xã Minh Bảo', 'Xã', 132, 0),
(4273, 'Phường Nam Cường', 'Phường', 132, 0),
(4276, 'Xã Tuy Lộc', 'Xã', 132, 0),
(4279, 'Xã Tân Thịnh', 'Xã', 132, 0),
(4282, 'Phường Pú Trạng', 'Phường', 133, 0),
(4285, 'Phường Trung Tâm', 'Phường', 133, 0),
(4288, 'Phường Tân An', 'Phường', 133, 0),
(4291, 'Phường Cầu Thia', 'Phường', 133, 0),
(4294, 'Xã Nghĩa Lợi', 'Xã', 133, 0),
(4297, 'Xã Nghĩa Phúc', 'Xã', 133, 0),
(4300, 'Xã Nghĩa An', 'Xã', 133, 0),
(4303, 'Thị trấn Yên Thế', 'Thị trấn', 135, 0),
(4306, 'Xã Tân Phượng', 'Xã', 135, 0),
(4309, 'Xã Lâm Thượng', 'Xã', 135, 0),
(4312, 'Xã Khánh Thiện', 'Xã', 135, 0),
(4315, 'Xã Minh Chuẩn', 'Xã', 135, 0),
(4318, 'Xã Mai Sơn', 'Xã', 135, 0),
(4321, 'Xã Khai Trung', 'Xã', 135, 0),
(4324, 'Xã Mường Lai', 'Xã', 135, 0),
(4327, 'Xã An Lạc', 'Xã', 135, 0),
(4330, 'Xã Minh Xuân', 'Xã', 135, 0),
(4333, 'Xã Tô Mậu', 'Xã', 135, 0),
(4336, 'Xã Tân Lĩnh', 'Xã', 135, 0),
(4339, 'Xã Yên Thắng', 'Xã', 135, 0),
(4342, 'Xã Khánh Hoà', 'Xã', 135, 0),
(4345, 'Xã Vĩnh Lạc', 'Xã', 135, 0),
(4348, 'Xã Liễu Đô', 'Xã', 135, 0),
(4351, 'Xã Động Quan', 'Xã', 135, 0),
(4354, 'Xã Tân Lập', 'Xã', 135, 0),
(4357, 'Xã Minh Tiến', 'Xã', 135, 0),
(4360, 'Xã Trúc Lâu', 'Xã', 135, 0),
(4363, 'Xã Phúc Lợi', 'Xã', 135, 0),
(4366, 'Xã Phan Thanh', 'Xã', 135, 0),
(4369, 'Xã An Phú', 'Xã', 135, 0),
(4372, 'Xã Trung Tâm', 'Xã', 135, 0),
(4375, 'Thị trấn Mậu A', 'Thị trấn', 136, 0),
(4378, 'Xã Lang Thíp', 'Xã', 136, 0),
(4381, 'Xã Lâm Giang', 'Xã', 136, 0),
(4384, 'Xã Châu Quế Thượng', 'Xã', 136, 0),
(4387, 'Xã Châu Quế Hạ', 'Xã', 136, 0),
(4390, 'Xã An Bình', 'Xã', 136, 0),
(4393, 'Xã Quang Minh', 'Xã', 136, 0),
(4396, 'Xã Đông An', 'Xã', 136, 0),
(4399, 'Xã Đông Cuông', 'Xã', 136, 0),
(4402, 'Xã Phong Dụ Hạ', 'Xã', 136, 0),
(4405, 'Xã Mậu Đông', 'Xã', 136, 0),
(4408, 'Xã Ngòi A', 'Xã', 136, 0),
(4411, 'Xã Xuân Tầm', 'Xã', 136, 0),
(4414, 'Xã Tân Hợp', 'Xã', 136, 0),
(4417, 'Xã An Thịnh', 'Xã', 136, 0),
(4420, 'Xã Yên Thái', 'Xã', 136, 0),
(4423, 'Xã Phong Dụ Thượng', 'Xã', 136, 0),
(4426, 'Xã Yên Hợp', 'Xã', 136, 0),
(4429, 'Xã Đại Sơn', 'Xã', 136, 0),
(4432, 'Xã Yên Hưng', 'Xã', 136, 0),
(4435, 'Xã Đại Phác', 'Xã', 136, 0),
(4438, 'Xã Yên Phú', 'Xã', 136, 0),
(4441, 'Xã Xuân Ái', 'Xã', 136, 0),
(4444, 'Xã Hoàng Thắng', 'Xã', 136, 0),
(4447, 'Xã Viễn Sơn', 'Xã', 136, 0),
(4450, 'Xã Mỏ Vàng', 'Xã', 136, 0),
(4453, 'Xã Nà Hẩu', 'Xã', 136, 0),
(4456, 'Thị trấn Mù Căng Chải', 'Thị trấn', 137, 0),
(4459, 'Xã Hồ Bốn', 'Xã', 137, 0),
(4462, 'Xã Nậm Có', 'Xã', 137, 0),
(4465, 'Xã Khao Mang', 'Xã', 137, 0),
(4468, 'Xã Mồ Dề', 'Xã', 137, 0),
(4471, 'Xã Chế Cu Nha', 'Xã', 137, 0),
(4474, 'Xã Lao Chải', 'Xã', 137, 0),
(4477, 'Xã Kim Nọi', 'Xã', 137, 0),
(4480, 'Xã Cao Phạ', 'Xã', 137, 0),
(4483, 'Xã La Pán Tẩn', 'Xã', 137, 0),
(4486, 'Xã Dế Su Phình', 'Xã', 137, 0),
(4489, 'Xã Chế Tạo', 'Xã', 137, 0),
(4492, 'Xã Púng Luông', 'Xã', 137, 0),
(4495, 'Xã Nậm Khắt', 'Xã', 137, 0),
(4498, 'Thị trấn Cổ Phúc', 'Thị trấn', 138, 0),
(4501, 'Xã Tân Đồng', 'Xã', 138, 0),
(4504, 'Xã Báo Đáp', 'Xã', 138, 0),
(4507, 'Xã Đào Thịnh', 'Xã', 138, 0),
(4510, 'Xã Việt Thành', 'Xã', 138, 0),
(4513, 'Xã Hòa Cuông', 'Xã', 138, 0),
(4516, 'Xã Minh Quán', 'Xã', 138, 0),
(4519, 'Xã Quy Mông', 'Xã', 138, 0),
(4522, 'Xã Cường Thịnh', 'Xã', 138, 0),
(4525, 'Xã Kiên Thành', 'Xã', 138, 0),
(4528, 'Xã Nga Quán', 'Xã', 138, 0),
(4531, 'Xã Y Can', 'Xã', 138, 0),
(4534, 'Xã Minh Tiến', 'Xã', 138, 0),
(4537, 'Xã Lương Thịnh', 'Xã', 138, 0),
(4540, 'Xã Âu Lâu', 'Xã', 132, 0),
(4543, 'Xã Giới Phiên', 'Xã', 132, 0),
(4546, 'Phường Hợp Minh', 'Phường', 132, 0),
(4549, 'Xã Văn Tiến', 'Xã', 132, 0),
(4552, 'Xã Phúc Lộc', 'Xã', 132, 0),
(4555, 'Xã Văn Lãng', 'Xã', 141, 0),
(4558, 'Xã Văn Phú', 'Xã', 132, 0),
(4561, 'Xã Bảo Hưng', 'Xã', 138, 0),
(4564, 'Xã Việt Cường', 'Xã', 138, 0),
(4567, 'Xã Minh Quân', 'Xã', 138, 0),
(4570, 'Xã Hồng Ca', 'Xã', 138, 0),
(4573, 'Xã Hưng Thịnh', 'Xã', 138, 0),
(4576, 'Xã Hưng Khánh', 'Xã', 138, 0),
(4579, 'Xã Việt Hồng', 'Xã', 138, 0),
(4582, 'Xã Vân Hội', 'Xã', 138, 0),
(4585, 'Thị trấn Trạm Tấu', 'Thị trấn', 139, 0),
(4588, 'Xã Túc Đán', 'Xã', 139, 0),
(4591, 'Xã Pá Lau', 'Xã', 139, 0),
(4594, 'Xã Xà Hồ', 'Xã', 139, 0),
(4597, 'Xã Phình Hồ', 'Xã', 139, 0),
(4600, 'Xã Trạm Tấu', 'Xã', 139, 0),
(4603, 'Xã Tà Si Láng', 'Xã', 139, 0),
(4606, 'Xã Pá Hu', 'Xã', 139, 0),
(4609, 'Xã Làng Nhì', 'Xã', 139, 0),
(4612, 'Xã Bản Công', 'Xã', 139, 0),
(4615, 'Xã Bản Mù', 'Xã', 139, 0),
(4618, 'Xã Hát Lìu', 'Xã', 139, 0),
(4621, 'Thị trấn NT Liên Sơn', 'Thị trấn', 140, 0),
(4624, 'Thị trấn NT Nghĩa Lộ', 'Thị trấn', 140, 0),
(4627, 'Thị trấn NT Trần Phú', 'Thị trấn', 140, 0),
(4630, 'Xã Tú Lệ', 'Xã', 140, 0),
(4633, 'Xã Nậm Búng', 'Xã', 140, 0),
(4636, 'Xã Gia Hội', 'Xã', 140, 0),
(4639, 'Xã Sùng Đô', 'Xã', 140, 0),
(4642, 'Xã Nậm Mười', 'Xã', 140, 0),
(4645, 'Xã An Lương', 'Xã', 140, 0),
(4648, 'Xã Nậm Lành', 'Xã', 140, 0),
(4651, 'Xã Sơn Lương', 'Xã', 140, 0),
(4654, 'Xã Suối Quyền', 'Xã', 140, 0),
(4657, 'Xã Suối Giàng', 'Xã', 140, 0),
(4660, 'Xã Sơn A', 'Xã', 140, 0),
(4663, 'Xã Phù Nham', 'Xã', 140, 0),
(4666, 'Xã Nghĩa Sơn', 'Xã', 140, 0),
(4669, 'Xã Suối Bu', 'Xã', 140, 0),
(4672, 'Xã Sơn Thịnh', 'Xã', 140, 0),
(4675, 'Xã Thanh Lương', 'Xã', 140, 0),
(4678, 'Xã Hạnh Sơn', 'Xã', 140, 0),
(4681, 'Xã Phúc Sơn', 'Xã', 140, 0),
(4684, 'Xã Thạch Lương', 'Xã', 140, 0),
(4687, 'Xã Đại Lịch', 'Xã', 140, 0),
(4690, 'Xã Đồng Khê', 'Xã', 140, 0),
(4693, 'Xã Cát Thịnh', 'Xã', 140, 0),
(4696, 'Xã Tân Thịnh', 'Xã', 140, 0),
(4699, 'Xã Chấn Thịnh', 'Xã', 140, 0),
(4702, 'Xã Bình Thuận', 'Xã', 140, 0),
(4705, 'Xã Thượng Bằng La', 'Xã', 140, 0),
(4708, 'Xã Minh An', 'Xã', 140, 0),
(4711, 'Xã Nghĩa Tâm', 'Xã', 140, 0),
(4714, 'Thị trấn Yên Bình', 'Thị trấn', 141, 0),
(4717, 'Thị trấn Thác Bà', 'Thị trấn', 141, 0),
(4720, 'Xã Xuân Long', 'Xã', 141, 0),
(4723, 'Xã Tích Cốc', 'Xã', 141, 0),
(4726, 'Xã Cảm Nhân', 'Xã', 141, 0),
(4729, 'Xã Ngọc Chấn', 'Xã', 141, 0),
(4732, 'Xã Tân Nguyên', 'Xã', 141, 0),
(4735, 'Xã Phúc Ninh', 'Xã', 141, 0),
(4738, 'Xã Bảo Ái', 'Xã', 141, 0),
(4741, 'Xã Mỹ Gia', 'Xã', 141, 0),
(4744, 'Xã Xuân Lai', 'Xã', 141, 0),
(4747, 'Xã Mông Sơn', 'Xã', 141, 0),
(4750, 'Xã Cảm Ân', 'Xã', 141, 0),
(4753, 'Xã Yên Thành', 'Xã', 141, 0),
(4756, 'Xã Tân Hương', 'Xã', 141, 0),
(4759, 'Xã Phúc An', 'Xã', 141, 0),
(4762, 'Xã Bạch Hà', 'Xã', 141, 0),
(4765, 'Xã Vũ Linh', 'Xã', 141, 0),
(4768, 'Xã Đại Đồng', 'Xã', 141, 0),
(4771, 'Xã Vĩnh Kiên', 'Xã', 141, 0),
(4774, 'Xã Yên Bình', 'Xã', 141, 0),
(4777, 'Xã Thịnh Hưng', 'Xã', 141, 0),
(4780, 'Xã Hán Đà', 'Xã', 141, 0),
(4783, 'Xã Phú Thịnh', 'Xã', 141, 0),
(4786, 'Xã Đại Minh', 'Xã', 141, 0),
(4789, 'Phường Thái Bình', 'Phường', 148, 0),
(4792, 'Phường Tân Hòa', 'Phường', 148, 0),
(4795, 'Phường Thịnh Lang', 'Phường', 148, 0),
(4798, 'Phường Hữu Nghị', 'Phường', 148, 0),
(4801, 'Phường Tân Thịnh', 'Phường', 148, 0),
(4804, 'Phường Đồng Tiến', 'Phường', 148, 0),
(4807, 'Phường Phương Lâm', 'Phường', 148, 0),
(4810, 'Phường Chăm Mát', 'Phường', 148, 0),
(4813, 'Xã Yên Mông', 'Xã', 148, 0),
(4816, 'Xã Sủ Ngòi', 'Xã', 148, 0),
(4819, 'Xã Dân Chủ', 'Xã', 148, 0),
(4822, 'Xã Thái Thịnh', 'Xã', 148, 0),
(4825, 'Xã Hòa Bình', 'Xã', 148, 0),
(4828, 'Xã Thống Nhất', 'Xã', 148, 0),
(4831, 'Thị trấn Đà Bắc', 'Thị trấn', 150, 0),
(4834, 'Xã Đồng Nghê', 'Xã', 150, 0),
(4837, 'Xã Suối Nánh', 'Xã', 150, 0),
(4840, 'Xã Giáp Đắt', 'Xã', 150, 0),
(4843, 'Xã Mường Tuổng', 'Xã', 150, 0),
(4846, 'Xã Mường Chiềng', 'Xã', 150, 0),
(4849, 'Xã Tân Pheo', 'Xã', 150, 0),
(4852, 'Xã Đồng Chum', 'Xã', 150, 0),
(4855, 'Xã Tân Minh', 'Xã', 150, 0),
(4858, 'Xã Đoàn Kết', 'Xã', 150, 0),
(4861, 'Xã Đồng Ruộng', 'Xã', 150, 0),
(4864, 'Xã Hào Lý', 'Xã', 150, 0),
(4867, 'Xã Tu Lý', 'Xã', 150, 0),
(4870, 'Xã Trung Thành', 'Xã', 150, 0),
(4873, 'Xã Yên Hòa', 'Xã', 150, 0),
(4876, 'Xã Cao Sơn', 'Xã', 150, 0),
(4879, 'Xã Toàn Sơn', 'Xã', 150, 0),
(4882, 'Xã Tân Dân', 'Xã', 156, 0),
(4885, 'Xã Hiền Lương', 'Xã', 150, 0),
(4888, 'Xã Tiền Phong', 'Xã', 150, 0),
(4891, 'Xã Vầy Nưa', 'Xã', 150, 0),
(4894, 'Thị trấn Kỳ Sơn', 'Thị trấn', 151, 0),
(4897, 'Xã Hợp Thịnh', 'Xã', 151, 0),
(4900, 'Xã Phú Minh', 'Xã', 151, 0),
(4903, 'Xã Hợp Thành', 'Xã', 151, 0),
(4906, 'Xã Phúc Tiến', 'Xã', 151, 0),
(4909, 'Xã Dân Hòa', 'Xã', 151, 0),
(4912, 'Xã Mông Hóa', 'Xã', 151, 0),
(4915, 'Xã Dân Hạ', 'Xã', 151, 0),
(4918, 'Xã Trung Minh', 'Xã', 148, 0),
(4921, 'Xã Độc Lập', 'Xã', 151, 0),
(4924, 'Thị trấn Lương Sơn', 'Thị trấn', 152, 0),
(4927, 'Xã Yên Trung', 'Xã', 276, 0),
(4930, 'Xã Yên Bình', 'Xã', 276, 0),
(4933, 'Xã Yên Quang', 'Xã', 151, 0),
(4936, 'Xã Tiến Xuân', 'Xã', 276, 0),
(4939, 'Xã Đông Xuân', 'Xã', 275, 0),
(4942, 'Xã Lâm Sơn', 'Xã', 152, 0),
(4945, 'Xã Hòa Sơn', 'Xã', 152, 0),
(4948, 'Xã Trường Sơn', 'Xã', 152, 0),
(4951, 'Xã Tân Vinh', 'Xã', 152, 0),
(4954, 'Xã Nhuận Trạch', 'Xã', 152, 0),
(4957, 'Xã Cao Răm', 'Xã', 152, 0),
(4960, 'Xã Cư Yên', 'Xã', 152, 0),
(4963, 'Xã Hợp Hòa', 'Xã', 152, 0),
(4966, 'Xã Liên Sơn', 'Xã', 152, 0),
(4969, 'Xã Thành Lập', 'Xã', 152, 0),
(4972, 'Xã Tiến Sơn', 'Xã', 152, 0),
(4975, 'Xã Trung Sơn', 'Xã', 152, 0),
(4978, 'Thị trấn Bo', 'Thị trấn', 153, 0),
(4981, 'Thị trấn Thanh Hà', 'Thị trấn', 159, 0),
(4984, 'Xã Đú Sáng', 'Xã', 153, 0),
(4987, 'Xã  Bắc Sơn', 'Xã', 153, 0),
(4990, 'Xã Bình Sơn', 'Xã', 153, 0),
(4993, 'Xã Hùng Tiến', 'Xã', 153, 0),
(4996, 'Xã Tân Thành', 'Xã', 152, 0),
(4999, 'Xã Tú Sơn', 'Xã', 153, 0),
(5002, 'Xã Nật Sơn', 'Xã', 153, 0),
(5005, 'Xã Vĩnh Tiến', 'Xã', 153, 0),
(5008, 'Xã Cao Dương', 'Xã', 152, 0),
(5011, 'Xã Sơn Thủy', 'Xã', 153, 0),
(5014, 'Xã Đông Bắc', 'Xã', 153, 0),
(5017, 'Xã Thượng Bì', 'Xã', 153, 0),
(5020, 'Xã Lập Chiệng', 'Xã', 153, 0),
(5023, 'Xã Hợp Châu', 'Xã', 152, 0),
(5026, 'Xã Vĩnh Đồng', 'Xã', 153, 0),
(5029, 'Xã Hạ Bì', 'Xã', 153, 0),
(5032, 'Xã Trung Bì', 'Xã', 153, 0),
(5035, 'Xã Kim Sơn', 'Xã', 153, 0),
(5038, 'Xã Hợp Đồng', 'Xã', 153, 0),
(5041, 'Xã Long Sơn', 'Xã', 152, 0),
(5044, 'Xã Thượng Tiến', 'Xã', 153, 0),
(5047, 'Xã Cao Thắng', 'Xã', 152, 0),
(5050, 'Xã Kim Tiến', 'Xã', 153, 0),
(5053, 'Xã Kim Bình', 'Xã', 153, 0),
(5056, 'Xã Hợp Kim', 'Xã', 153, 0),
(5059, 'Xã Thanh Lương', 'Xã', 152, 0),
(5062, 'Xã Hợp Thanh', 'Xã', 152, 0),
(5065, 'Xã Kim Bôi', 'Xã', 153, 0),
(5068, 'Xã Nam Thượng', 'Xã', 153, 0),
(5071, 'Xã Kim Truy', 'Xã', 153, 0),
(5074, 'Xã Thanh Nông', 'Xã', 159, 0),
(5077, 'Xã Cuối Hạ', 'Xã', 153, 0),
(5080, 'Xã Sào Báy', 'Xã', 153, 0),
(5083, 'Xã Mi Hòa', 'Xã', 153, 0),
(5086, 'Xã Nuông Dăm', 'Xã', 153, 0),
(5089, 'Thị trấn Cao Phong', 'Thị trấn', 154, 0),
(5092, 'Xã Bình Thanh', 'Xã', 154, 0),
(5095, 'Xã Thung Nai', 'Xã', 154, 0),
(5098, 'Xã Bắc Phong', 'Xã', 154, 0),
(5101, 'Xã Thu Phong', 'Xã', 154, 0),
(5104, 'Xã Đông Phong', 'Xã', 154, 0),
(5107, 'Xã Xuân Phong', 'Xã', 154, 0),
(5110, 'Xã Tây Phong', 'Xã', 154, 0),
(5113, 'Xã Tân Phong', 'Xã', 154, 0),
(5116, 'Xã Dũng Phong', 'Xã', 154, 0),
(5119, 'Xã Nam Phong', 'Xã', 154, 0),
(5122, 'Xã Yên Lập', 'Xã', 154, 0),
(5125, 'Xã Yên Thượng', 'Xã', 154, 0),
(5128, 'Thị trấn Mường Khến', 'Thị trấn', 155, 0),
(5131, 'Xã Ngòi Hoa', 'Xã', 155, 0),
(5134, 'Xã Trung Hòa', 'Xã', 155, 0),
(5137, 'Xã Phú Vinh', 'Xã', 155, 0),
(5140, 'Xã Phú Cường', 'Xã', 155, 0),
(5143, 'Xã Mỹ Hòa', 'Xã', 155, 0),
(5146, 'Xã Quy Hậu', 'Xã', 155, 0),
(5149, 'Xã Phong Phú', 'Xã', 155, 0),
(5152, 'Xã Quyết Chiến', 'Xã', 155, 0),
(5155, 'Xã Mãn Đức', 'Xã', 155, 0),
(5158, 'Xã Địch Giáo', 'Xã', 155, 0),
(5161, 'Xã Tuân Lộ', 'Xã', 155, 0),
(5164, 'Xã Tử Nê', 'Xã', 155, 0),
(5167, 'Xã Thanh Hối', 'Xã', 155, 0),
(5170, 'Xã Ngọc Mỹ', 'Xã', 155, 0),
(5173, 'Xã Đông Lai', 'Xã', 155, 0),
(5176, 'Xã Lũng Vân', 'Xã', 155, 0),
(5179, 'Xã Bắc Sơn', 'Xã', 155, 0),
(5182, 'Xã Quy Mỹ', 'Xã', 155, 0),
(5185, 'Xã Do Nhân', 'Xã', 155, 0),
(5188, 'Xã Nam Sơn', 'Xã', 155, 0),
(5191, 'Xã Lỗ Sơn', 'Xã', 155, 0),
(5194, 'Xã Ngổ Luông', 'Xã', 155, 0),
(5197, 'Xã Gia Mô', 'Xã', 155, 0),
(5200, 'Thị trấn Mai Châu', 'Thị trấn', 156, 0),
(5203, 'Xã Tân Mai', 'Xã', 156, 0),
(5206, 'Xã Phúc Sạn', 'Xã', 156, 0),
(5209, 'Xã Pà Cò', 'Xã', 156, 0),
(5212, 'Xã Hang Kia', 'Xã', 156, 0),
(5215, 'Xã Ba Khan', 'Xã', 156, 0),
(5218, 'Xã Tân Sơn', 'Xã', 156, 0),
(5221, 'Xã Đồng Bảng', 'Xã', 156, 0),
(5224, 'Xã Cun Pheo', 'Xã', 156, 0),
(5227, 'Xã Bao La', 'Xã', 156, 0),
(5230, 'Xã Piềng Vế', 'Xã', 156, 0),
(5233, 'Xã Tòng Đậu', 'Xã', 156, 0),
(5236, 'Xã Nà Mèo', 'Xã', 156, 0),
(5239, 'Xã Thung Khe', 'Xã', 156, 0),
(5242, 'Xã Nà Phòn', 'Xã', 156, 0),
(5245, 'Xã Săm Khóe', 'Xã', 156, 0),
(5248, 'Xã Chiềng Châu', 'Xã', 156, 0),
(5251, 'Xã Mai Hạ', 'Xã', 156, 0),
(5254, 'Xã Nong Luông', 'Xã', 156, 0),
(5257, 'Xã Mai Hịch', 'Xã', 156, 0),
(5260, 'Xã Pù Pin', 'Xã', 156, 0),
(5263, 'Xã Vạn Mai', 'Xã', 156, 0),
(5266, 'Thị trấn Vụ Bản', 'Thị trấn', 157, 0),
(5269, 'Xã Quý Hòa', 'Xã', 157, 0),
(5272, 'Xã Miền Đồi', 'Xã', 157, 0),
(5275, 'Xã Mỹ Thành', 'Xã', 157, 0),
(5278, 'Xã Tuân Đạo', 'Xã', 157, 0),
(5281, 'Xã Văn Nghĩa', 'Xã', 157, 0),
(5284, 'Xã Văn Sơn', 'Xã', 157, 0),
(5287, 'Xã Tân Lập', 'Xã', 157, 0),
(5290, 'Xã Nhân Nghĩa', 'Xã', 157, 0),
(5293, 'Xã Thượng Cốc', 'Xã', 157, 0),
(5296, 'Xã Phú Lương', 'Xã', 157, 0),
(5299, 'Xã Phúc Tuy', 'Xã', 157, 0),
(5302, 'Xã Xuất Hóa', 'Xã', 157, 0),
(5305, 'Xã Yên Phú', 'Xã', 157, 0),
(5308, 'Xã Bình Hẻm', 'Xã', 157, 0),
(5311, 'Xã Chí Thiện', 'Xã', 157, 0),
(5314, 'Xã Bình Cảng', 'Xã', 157, 0),
(5317, 'Xã Bình Chân', 'Xã', 157, 0),
(5320, 'Xã Định Cư', 'Xã', 157, 0),
(5323, 'Xã Chí Đạo', 'Xã', 157, 0),
(5326, 'Xã Liên Vũ', 'Xã', 157, 0),
(5329, 'Xã Ngọc Sơn', 'Xã', 157, 0),
(5332, 'Xã Hương Nhượng', 'Xã', 157, 0),
(5335, 'Xã Vũ Lâm', 'Xã', 157, 0),
(5338, 'Xã Tự Do', 'Xã', 157, 0),
(5341, 'Xã Yên Nghiệp', 'Xã', 157, 0),
(5344, 'Xã Tân Mỹ', 'Xã', 157, 0),
(5347, 'Xã Ân Nghĩa', 'Xã', 157, 0),
(5350, 'Xã Ngọc Lâu', 'Xã', 157, 0),
(5353, 'Thị trấn Hàng Trạm', 'Thị trấn', 158, 0),
(5356, 'Xã Lạc Sỹ', 'Xã', 158, 0),
(5359, 'Xã Lạc Hưng', 'Xã', 158, 0),
(5362, 'Xã Lạc Lương', 'Xã', 158, 0),
(5365, 'Xã Bảo Hiệu', 'Xã', 158, 0),
(5368, 'Xã Đa Phúc', 'Xã', 158, 0),
(5371, 'Xã Hữu Lợi', 'Xã', 158, 0),
(5374, 'Xã Lạc Thịnh', 'Xã', 158, 0),
(5377, 'Xã Yên Lạc', 'Xã', 158, 0),
(5380, 'Xã Đoàn Kết', 'Xã', 158, 0),
(5383, 'Xã Phú Lai', 'Xã', 158, 0),
(5386, 'Xã Yên Trị', 'Xã', 158, 0),
(5389, 'Xã Ngọc Lương', 'Xã', 158, 0),
(5392, 'Thị trấn Chi Nê', 'Thị trấn', 159, 0),
(5395, 'Xã Phú Lão', 'Xã', 159, 0),
(5398, 'Xã Phú Thành', 'Xã', 159, 0),
(5401, 'Xã Cố Nghĩa', 'Xã', 159, 0),
(5404, 'Xã Hưng Thi', 'Xã', 159, 0),
(5407, 'Xã Lạc Long', 'Xã', 159, 0),
(5410, 'Xã Liên Hòa', 'Xã', 159, 0),
(5413, 'Xã Khoan Dụ', 'Xã', 159, 0),
(5416, 'Xã Đồng Môn', 'Xã', 159, 0),
(5419, 'Xã Đồng Tâm', 'Xã', 159, 0),
(5422, 'Xã Yên Bồng', 'Xã', 159, 0),
(5425, 'Xã An Lạc', 'Xã', 159, 0),
(5428, 'Xã An Bình', 'Xã', 159, 0),
(5431, 'Phường Quán Triều', 'Phường', 164, 0),
(5434, 'Phường Quang Vinh', 'Phường', 164, 0),
(5437, 'Phường Túc Duyên', 'Phường', 164, 0),
(5440, 'Phường Hoàng Văn Thụ', 'Phường', 164, 0),
(5443, 'Phường Trưng Vương', 'Phường', 164, 0),
(5446, 'Phường Quang Trung', 'Phường', 164, 0),
(5449, 'Phường Phan Đình Phùng', 'Phường', 164, 0),
(5452, 'Phường Tân Thịnh', 'Phường', 164, 0),
(5455, 'Phường Thịnh Đán', 'Phường', 164, 0),
(5458, 'Phường Đồng Quang', 'Phường', 164, 0),
(5461, 'Phường Gia Sàng', 'Phường', 164, 0),
(5464, 'Phường Tân Lập', 'Phường', 164, 0),
(5467, 'Phường Cam Giá', 'Phường', 164, 0),
(5470, 'Phường Phú Xá', 'Phường', 164, 0),
(5473, 'Phường Hương Sơn', 'Phường', 164, 0),
(5476, 'Phường Trung Thành', 'Phường', 164, 0),
(5479, 'Phường Tân Thành', 'Phường', 164, 0),
(5482, 'Phường Tân Long', 'Phường', 164, 0),
(5485, 'Xã Phúc Hà', 'Xã', 164, 0),
(5488, 'Xã Phúc Xuân', 'Xã', 164, 0),
(5491, 'Xã Quyết Thắng', 'Xã', 164, 0),
(5494, 'Xã Phúc Trìu', 'Xã', 164, 0),
(5497, 'Xã Thịnh Đức', 'Xã', 164, 0),
(5500, 'Phường Tích Lương', 'Phường', 164, 0),
(5503, 'Xã Tân Cương', 'Xã', 164, 0),
(5506, 'Phường Lương Sơn', 'Phường', 165, 0),
(5509, 'Phường Lương Châu', 'Phường', 165, 0),
(5512, 'Phường Mỏ Chè', 'Phường', 165, 0),
(5515, 'Phường Cải Đan', 'Phường', 165, 0),
(5518, 'Phường Thắng Lợi', 'Phường', 165, 0),
(5521, 'Phường Phố Cò', 'Phường', 165, 0),
(5524, 'Xã Vinh Sơn', 'Xã', 165, 0),
(5527, 'Xã Tân Quang', 'Xã', 165, 0),
(5528, 'Phường Bách Quang', 'Phường', 165, 0),
(5530, 'Xã Bình Sơn', 'Xã', 165, 0),
(5533, 'Xã Bá Xuyên', 'Xã', 165, 0),
(5536, 'Thị trấn Chợ Chu', 'Thị trấn', 167, 0),
(5539, 'Xã Linh Thông', 'Xã', 167, 0),
(5542, 'Xã Lam Vỹ', 'Xã', 167, 0),
(5545, 'Xã Quy Kỳ', 'Xã', 167, 0),
(5548, 'Xã Tân Thịnh', 'Xã', 167, 0),
(5551, 'Xã Kim Phượng', 'Xã', 167, 0),
(5554, 'Xã Bảo Linh', 'Xã', 167, 0),
(5557, 'Xã Kim Sơn', 'Xã', 167, 0),
(5560, 'Xã Phúc Chu', 'Xã', 167, 0),
(5563, 'Xã Tân Dương', 'Xã', 167, 0),
(5566, 'Xã Phượng Tiến', 'Xã', 167, 0),
(5569, 'Xã Bảo Cường', 'Xã', 167, 0),
(5572, 'Xã Đồng Thịnh', 'Xã', 167, 0),
(5575, 'Xã Định Biên', 'Xã', 167, 0),
(5578, 'Xã Thanh Định', 'Xã', 167, 0),
(5581, 'Xã Trung Hội', 'Xã', 167, 0),
(5584, 'Xã Trung Lương', 'Xã', 167, 0),
(5587, 'Xã Bình Yên', 'Xã', 167, 0),
(5590, 'Xã Điềm Mặc', 'Xã', 167, 0),
(5593, 'Xã Phú Tiến', 'Xã', 167, 0),
(5596, 'Xã Bộc Nhiêu', 'Xã', 167, 0),
(5599, 'Xã Sơn Phú', 'Xã', 167, 0),
(5602, 'Xã Phú Đình', 'Xã', 167, 0),
(5605, 'Xã Bình Thành', 'Xã', 167, 0),
(5608, 'Thị trấn Giang Tiên', 'Thị trấn', 168, 0),
(5611, 'Thị trấn Đu', 'Thị trấn', 168, 0),
(5614, 'Xã Yên Ninh', 'Xã', 168, 0),
(5617, 'Xã Yên Trạch', 'Xã', 168, 0),
(5620, 'Xã Yên Đổ', 'Xã', 168, 0),
(5623, 'Xã Yên Lạc', 'Xã', 168, 0),
(5626, 'Xã Ôn Lương', 'Xã', 168, 0),
(5629, 'Xã Động Đạt', 'Xã', 168, 0),
(5632, 'Xã Phủ Lý', 'Xã', 168, 0),
(5635, 'Xã Phú Đô', 'Xã', 168, 0),
(5638, 'Xã Hợp Thành', 'Xã', 168, 0),
(5641, 'Xã Tức Tranh', 'Xã', 168, 0),
(5644, 'Xã Phấn Mễ', 'Xã', 168, 0),
(5647, 'Xã Vô Tranh', 'Xã', 168, 0),
(5650, 'Xã Cổ Lũng', 'Xã', 168, 0),
(5653, 'Xã Sơn Cẩm', 'Xã', 168, 0),
(5656, 'Thị trấn Sông Cầu', 'Thị trấn', 169, 0),
(5659, 'Thị trấn Chùa Hang', 'Thị trấn', 169, 0),
(5662, 'Thị trấn Trại Cau', 'Thị trấn', 169, 0),
(5665, 'Xã Văn Lăng', 'Xã', 169, 0),
(5668, 'Xã Tân Long', 'Xã', 169, 0),
(5671, 'Xã Hòa Bình', 'Xã', 169, 0),
(5674, 'Xã Quang Sơn', 'Xã', 169, 0),
(5677, 'Xã Minh Lập', 'Xã', 169, 0),
(5680, 'Xã Văn Hán', 'Xã', 169, 0),
(5683, 'Xã Hóa Trung', 'Xã', 169, 0),
(5686, 'Xã Khe Mo', 'Xã', 169, 0),
(5689, 'Xã Cây Thị', 'Xã', 169, 0),
(5692, 'Xã Hóa Thượng', 'Xã', 169, 0),
(5695, 'Xã Cao Ngạn', 'Xã', 164, 0),
(5698, 'Xã Hợp Tiến', 'Xã', 169, 0),
(5701, 'Xã Linh Sơn', 'Xã', 169, 0),
(5704, 'Xã Tân Lợi', 'Xã', 169, 0),
(5707, 'Xã Nam Hòa', 'Xã', 169, 0),
(5710, 'Xã Đồng Bẩm', 'Xã', 164, 0),
(5713, 'Xã Huống Thượng', 'Xã', 169, 0),
(5716, 'Thị trấn Đình Cả', 'Thị trấn', 170, 0),
(5719, 'Xã Sảng Mộc', 'Xã', 170, 0),
(5722, 'Xã Nghinh Tường', 'Xã', 170, 0),
(5725, 'Xã Thần Xa', 'Xã', 170, 0),
(5728, 'Xã Vũ Chấn', 'Xã', 170, 0),
(5731, 'Xã Thượng Nung', 'Xã', 170, 0),
(5734, 'Xã Phú Thượng', 'Xã', 170, 0),
(5737, 'Xã Cúc Đường', 'Xã', 170, 0),
(5740, 'Xã La Hiên', 'Xã', 170, 0),
(5743, 'Xã Lâu Thượng', 'Xã', 170, 0),
(5746, 'Xã Tràng Xá', 'Xã', 170, 0),
(5749, 'Xã Phương Giao', 'Xã', 170, 0),
(5752, 'Xã Liên Minh', 'Xã', 170, 0),
(5755, 'Xã Dân Tiến', 'Xã', 170, 0),
(5758, 'Xã Bình Long', 'Xã', 170, 0),
(5761, 'Thị trấn Hùng Sơn', 'Thị trấn', 171, 0),
(5764, 'Thị trấn Quân Chu', 'Thị trấn', 171, 0),
(5767, 'Xã Phúc Lương', 'Xã', 171, 0),
(5770, 'Xã Minh Tiến', 'Xã', 171, 0),
(5773, 'Xã Yên Lãng', 'Xã', 171, 0),
(5776, 'Xã Đức Lương', 'Xã', 171, 0),
(5779, 'Xã Phú Cường', 'Xã', 171, 0),
(5782, 'Xã Na Mao', 'Xã', 171, 0),
(5785, 'Xã Phú Lạc', 'Xã', 171, 0),
(5788, 'Xã Tân Linh', 'Xã', 171, 0),
(5791, 'Xã Phú Thịnh', 'Xã', 171, 0),
(5794, 'Xã Phục Linh', 'Xã', 171, 0),
(5797, 'Xã Phú Xuyên', 'Xã', 171, 0),
(5800, 'Xã Bản Ngoại', 'Xã', 171, 0),
(5803, 'Xã Tiên Hội', 'Xã', 171, 0),
(5809, 'Xã Cù Vân', 'Xã', 171, 0),
(5812, 'Xã Hà Thượng', 'Xã', 171, 0),
(5815, 'Xã La Bằng', 'Xã', 171, 0),
(5818, 'Xã Hoàng Nông', 'Xã', 171, 0),
(5821, 'Xã Khôi Kỳ', 'Xã', 171, 0),
(5824, 'Xã An Khánh', 'Xã', 171, 0),
(5827, 'Xã Tân Thái', 'Xã', 171, 0),
(5830, 'Xã Bình Thuận', 'Xã', 171, 0),
(5833, 'Xã Lục Ba', 'Xã', 171, 0),
(5836, 'Xã Mỹ Yên', 'Xã', 171, 0),
(5839, 'Xã Vạn Thọ', 'Xã', 171, 0),
(5842, 'Xã Văn Yên', 'Xã', 171, 0),
(5845, 'Xã Ký Phú', 'Xã', 171, 0),
(5848, 'Xã Cát Nê', 'Xã', 171, 0),
(5851, 'Xã Quân Chu', 'Xã', 171, 0),
(5854, 'Phường Bãi Bông', 'Phường', 172, 0),
(5857, 'Phường Bắc Sơn', 'Phường', 172, 0),
(5860, 'Phường Ba Hàng', 'Phường', 172, 0),
(5863, 'Xã Phúc Tân', 'Xã', 172, 0),
(5866, 'Xã Phúc Thuận', 'Xã', 172, 0),
(5869, 'Xã Hồng Tiến', 'Xã', 172, 0),
(5872, 'Xã Minh Đức', 'Xã', 172, 0),
(5875, 'Xã Đắc Sơn', 'Xã', 172, 0),
(5878, 'Phường Đồng Tiến', 'Phường', 172, 0),
(5881, 'Xã Thành Công', 'Xã', 172, 0),
(5884, 'Xã Tiên Phong', 'Xã', 172, 0),
(5887, 'Xã Vạn Phái', 'Xã', 172, 0),
(5890, 'Xã Nam Tiến', 'Xã', 172, 0),
(5893, 'Xã Tân Hương', 'Xã', 172, 0),
(5896, 'Xã Đông Cao', 'Xã', 172, 0),
(5899, 'Xã Trung Thành', 'Xã', 172, 0),
(5902, 'Xã Tân Phú', 'Xã', 172, 0),
(5905, 'Xã Thuận Thành', 'Xã', 172, 0),
(5908, 'Thị trấn Hương Sơn', 'Thị trấn', 173, 0),
(5911, 'Xã Bàn Đạt', 'Xã', 173, 0),
(5914, 'Xã Đồng Liên', 'Xã', 173, 0),
(5917, 'Xã Tân Khánh', 'Xã', 173, 0),
(5920, 'Xã Tân Kim', 'Xã', 173, 0),
(5923, 'Xã Tân Thành', 'Xã', 173, 0),
(5926, 'Xã Đào Xá', 'Xã', 173, 0),
(5929, 'Xã Bảo Lý', 'Xã', 173, 0),
(5932, 'Xã Thượng Đình', 'Xã', 173, 0),
(5935, 'Xã Tân Hòa', 'Xã', 173, 0),
(5938, 'Xã Nhã Lộng', 'Xã', 173, 0),
(5941, 'Xã Điềm Thụy', 'Xã', 173, 0),
(5944, 'Xã Xuân Phương', 'Xã', 173, 0),
(5947, 'Xã Tân Đức', 'Xã', 173, 0),
(5950, 'Xã Úc Kỳ', 'Xã', 173, 0),
(5953, 'Xã Lương Phú', 'Xã', 173, 0),
(5956, 'Xã Nga My', 'Xã', 173, 0),
(5959, 'Xã Kha Sơn', 'Xã', 173, 0),
(5962, 'Xã Thanh Ninh', 'Xã', 173, 0),
(5965, 'Xã Dương Thành', 'Xã', 173, 0),
(5968, 'Xã Hà Châu', 'Xã', 173, 0),
(5971, 'Phường Hoàng Văn Thụ', 'Phường', 178, 0),
(5974, 'Phường Tam Thanh', 'Phường', 178, 0),
(5977, 'Phường Vĩnh Trại', 'Phường', 178, 0),
(5980, 'Phường Đông Kinh', 'Phường', 178, 0),
(5983, 'Phường Chi Lăng', 'Phường', 178, 0),
(5986, 'Xã Hoàng Đồng', 'Xã', 178, 0),
(5989, 'Xã Quảng Lạc', 'Xã', 178, 0),
(5992, 'Xã Mai Pha', 'Xã', 178, 0),
(5995, 'Thị trấn Thất Khê', 'Thị trấn', 180, 0),
(5998, 'Xã Khánh Long', 'Xã', 180, 0),
(6001, 'Xã Đoàn Kết', 'Xã', 180, 0),
(6004, 'Xã Quốc Khánh', 'Xã', 180, 0),
(6007, 'Xã Vĩnh Tiến', 'Xã', 180, 0),
(6010, 'Xã Cao Minh', 'Xã', 180, 0),
(6013, 'Xã Chí Minh', 'Xã', 180, 0),
(6016, 'Xã Tri Phương', 'Xã', 180, 0),
(6019, 'Xã Tân Tiến', 'Xã', 180, 0),
(6022, 'Xã Tân Yên', 'Xã', 180, 0),
(6025, 'Xã Đội Cấn', 'Xã', 180, 0),
(6028, 'Xã Tân Minh', 'Xã', 180, 0),
(6031, 'Xã Kim Đồng', 'Xã', 180, 0),
(6034, 'Xã Chi Lăng', 'Xã', 180, 0),
(6037, 'Xã Trung Thành', 'Xã', 180, 0),
(6040, 'Xã Đại Đồng', 'Xã', 180, 0),
(6043, 'Xã Đào Viên', 'Xã', 180, 0),
(6046, 'Xã Đề Thám', 'Xã', 180, 0),
(6049, 'Xã Kháng Chiến', 'Xã', 180, 0),
(6052, 'Xã Bắc Ái', 'Xã', 180, 0),
(6055, 'Xã Hùng Sơn', 'Xã', 180, 0),
(6058, 'Xã Quốc Việt', 'Xã', 180, 0),
(6061, 'Xã Hùng Việt', 'Xã', 180, 0),
(6064, 'Thị trấn Bình Gia', 'Thị trấn', 181, 0),
(6067, 'Xã Hưng Đạo', 'Xã', 181, 0),
(6070, 'Xã Vĩnh Yên', 'Xã', 181, 0),
(6073, 'Xã Hoa Thám', 'Xã', 181, 0),
(6076, 'Xã Quý Hòa', 'Xã', 181, 0),
(6079, 'Xã Hồng Phong', 'Xã', 181, 0),
(6082, 'Xã Yên Lỗ', 'Xã', 181, 0),
(6085, 'Xã Thiện Hòa', 'Xã', 181, 0),
(6088, 'Xã Quang Trung', 'Xã', 181, 0),
(6091, 'Xã Thiện Thuật', 'Xã', 181, 0),
(6094, 'Xã Minh Khai', 'Xã', 181, 0),
(6097, 'Xã Thiện Long', 'Xã', 181, 0),
(6100, 'Xã Hoàng Văn Thụ', 'Xã', 181, 0),
(6103, 'Xã Hòa Bình', 'Xã', 181, 0),
(6106, 'Xã Mông Ân', 'Xã', 181, 0),
(6109, 'Xã Tân Hòa', 'Xã', 181, 0),
(6112, 'Xã Tô Hiệu', 'Xã', 181, 0),
(6115, 'Xã Hồng Thái', 'Xã', 181, 0),
(6118, 'Xã Bình La', 'Xã', 181, 0),
(6121, 'Xã Tân Văn', 'Xã', 181, 0),
(6124, 'Thị trấn Na Sầm', 'Thị trấn', 182, 0),
(6127, 'Xã Trùng Khánh', 'Xã', 182, 0),
(6130, 'Xã Tân Việt', 'Xã', 182, 0),
(6133, 'Xã Bắc La', 'Xã', 182, 0),
(6136, 'Xã Thụy Hùng', 'Xã', 182, 0),
(6139, 'Xã Trùng Quán', 'Xã', 182, 0),
(6142, 'Xã Tân Tác', 'Xã', 182, 0),
(6145, 'Xã An Hùng', 'Xã', 182, 0),
(6148, 'Xã Thanh Long', 'Xã', 182, 0),
(6151, 'Xã Hội Hoan', 'Xã', 182, 0),
(6154, 'Xã Tân Lang', 'Xã', 182, 0),
(6157, 'Xã Hoàng Việt', 'Xã', 182, 0),
(6160, 'Xã Gia Miễn', 'Xã', 182, 0),
(6163, 'Xã Thành Hòa', 'Xã', 182, 0),
(6166, 'Xã Tân Thanh', 'Xã', 182, 0),
(6169, 'Xã Nam La', 'Xã', 182, 0),
(6172, 'Xã Tân Mỹ', 'Xã', 182, 0),
(6175, 'Xã Hồng Thái', 'Xã', 182, 0),
(6178, 'Xã  Hoàng Văn Thụ', 'Xã', 182, 0),
(6181, 'Xã Nhạc Kỳ', 'Xã', 182, 0),
(6184, 'Thị trấn Đồng Đăng', 'Thị trấn', 183, 0),
(6187, 'Thị trấn Cao Lộc', 'Thị trấn', 183, 0),
(6190, 'Xã Bảo Lâm', 'Xã', 183, 0),
(6193, 'Xã Thanh Lòa', 'Xã', 183, 0),
(6196, 'Xã Cao Lâu', 'Xã', 183, 0),
(6199, 'Xã Thạch Đạn', 'Xã', 183, 0),
(6202, 'Xã Xuất Lễ', 'Xã', 183, 0),
(6205, 'Xã Hồng Phong', 'Xã', 183, 0),
(6208, 'Xã Thụy Hùng', 'Xã', 183, 0),
(6211, 'Xã Lộc Yên', 'Xã', 183, 0),
(6214, 'Xã Phú Xá', 'Xã', 183, 0),
(6217, 'Xã Bình Trung', 'Xã', 183, 0),
(6220, 'Xã Hải Yến', 'Xã', 183, 0),
(6223, 'Xã Hòa Cư', 'Xã', 183, 0),
(6226, 'Xã Hợp Thành', 'Xã', 183, 0),
(6229, 'Xã Song Giáp', 'Xã', 183, 0),
(6232, 'Xã Công Sơn', 'Xã', 183, 0),
(6235, 'Xã Gia Cát', 'Xã', 183, 0),
(6238, 'Xã Mẫu Sơn', 'Xã', 183, 0),
(6241, 'Xã Xuân Long', 'Xã', 183, 0),
(6244, 'Xã Tân Liên', 'Xã', 183, 0),
(6247, 'Xã Yên Trạch', 'Xã', 183, 0),
(6250, 'Xã Tân Thành', 'Xã', 183, 0),
(6253, 'Thị trấn Văn Quan', 'Thị trấn', 184, 0),
(6256, 'Xã Trấn Ninh', 'Xã', 184, 0),
(6259, 'Xã Phú Mỹ', 'Xã', 184, 0),
(6262, 'Xã Việt Yên', 'Xã', 184, 0),
(6265, 'Xã Song Giang', 'Xã', 184, 0),
(6268, 'Xã Vân Mộng', 'Xã', 184, 0),
(6271, 'Xã Vĩnh Lại', 'Xã', 184, 0),
(6274, 'Xã Hòa Bình', 'Xã', 184, 0),
(6277, 'Xã Tú Xuyên', 'Xã', 184, 0),
(6280, 'Xã Văn An', 'Xã', 184, 0),
(6283, 'Xã Đại An', 'Xã', 184, 0),
(6286, 'Xã Khánh Khê', 'Xã', 184, 0),
(6289, 'Xã Chu Túc', 'Xã', 184, 0),
(6292, 'Xã Lương Năng', 'Xã', 184, 0),
(6295, 'Xã Đồng Giáp', 'Xã', 184, 0),
(6298, 'Xã Xuân Mai', 'Xã', 184, 0),
(6301, 'Xã Tràng Các', 'Xã', 184, 0),
(6304, 'Xã Tràng Sơn', 'Xã', 184, 0),
(6307, 'Xã Tân Đoàn', 'Xã', 184, 0),
(6310, 'Xã Bình Phúc', 'Xã', 184, 0),
(6313, 'Xã Tri Lễ', 'Xã', 184, 0),
(6316, 'Xã Tràng Phái', 'Xã', 184, 0),
(6319, 'Xã Yên Phúc', 'Xã', 184, 0),
(6322, 'Xã Hữu Lễ', 'Xã', 184, 0),
(6325, 'Thị trấn Bắc Sơn', 'Thị trấn', 185, 0),
(6328, 'Xã Long Đống', 'Xã', 185, 0),
(6331, 'Xã Vạn Thủy', 'Xã', 185, 0),
(6334, 'Xã Quỳnh Sơn', 'Xã', 185, 0),
(6337, 'Xã Đồng ý', 'Xã', 185, 0),
(6340, 'Xã Tân Tri', 'Xã', 185, 0),
(6343, 'Xã Bắc Sơn', 'Xã', 185, 0),
(6346, 'Xã Hữu Vĩnh', 'Xã', 185, 0),
(6349, 'Xã Hưng Vũ', 'Xã', 185, 0),
(6352, 'Xã Tân Lập', 'Xã', 185, 0),
(6355, 'Xã Vũ Sơn', 'Xã', 185, 0),
(6358, 'Xã Chiêu Vũ', 'Xã', 185, 0),
(6361, 'Xã Tân Hương', 'Xã', 185, 0),
(6364, 'Xã Chiến Thắng', 'Xã', 185, 0),
(6367, 'Xã Vũ Lăng', 'Xã', 185, 0),
(6370, 'Xã Trấn Yên', 'Xã', 185, 0),
(6373, 'Xã Vũ Lễ', 'Xã', 185, 0),
(6376, 'Xã Nhất Hòa', 'Xã', 185, 0),
(6379, 'Xã Tân Thành', 'Xã', 185, 0),
(6382, 'Xã Nhất Tiến', 'Xã', 185, 0),
(6385, 'Thị trấn Hữu Lũng', 'Thị trấn', 186, 0),
(6388, 'Xã Hữu Liên', 'Xã', 186, 0),
(6391, 'Xã Yên Bình', 'Xã', 186, 0),
(6394, 'Xã Quyết Thắng', 'Xã', 186, 0),
(6397, 'Xã Hòa Bình', 'Xã', 186, 0),
(6400, 'Xã Yên Thịnh', 'Xã', 186, 0),
(6403, 'Xã Yên Sơn', 'Xã', 186, 0),
(6406, 'Xã Thiện Kỵ', 'Xã', 186, 0),
(6409, 'Xã Tân Lập', 'Xã', 186, 0),
(6412, 'Xã Yên Vượng', 'Xã', 186, 0),
(6415, 'Xã Minh Tiến', 'Xã', 186, 0),
(6418, 'Xã Nhật Tiến', 'Xã', 186, 0),
(6421, 'Xã Thanh Sơn', 'Xã', 186, 0),
(6424, 'Xã Đồng Tân', 'Xã', 186, 0),
(6427, 'Xã Cai Kinh', 'Xã', 186, 0),
(6430, 'Xã Hòa Lạc', 'Xã', 186, 0),
(6433, 'Xã Vân Nham', 'Xã', 186, 0),
(6436, 'Xã Đồng Tiến', 'Xã', 186, 0),
(6439, 'Xã Đô Lương', 'Xã', 186, 0),
(6442, 'Xã Tân Thành', 'Xã', 186, 0),
(6445, 'Xã Hòa Sơn', 'Xã', 186, 0),
(6448, 'Xã Minh Sơn', 'Xã', 186, 0),
(6451, 'Xã Hồ Sơn', 'Xã', 186, 0),
(6454, 'Xã Sơn Hà', 'Xã', 186, 0),
(6457, 'Xã Minh Hòa', 'Xã', 186, 0),
(6460, 'Xã Hòa Thắng', 'Xã', 186, 0),
(6463, 'Thị trấn Đồng Mỏ', 'Thị trấn', 187, 0),
(6466, 'Thị trấn Chi Lăng', 'Thị trấn', 187, 0),
(6469, 'Xã Vân An', 'Xã', 187, 0),
(6472, 'Xã Vân Thủy', 'Xã', 187, 0),
(6475, 'Xã Gia Lộc', 'Xã', 187, 0),
(6478, 'Xã Bắc Thủy', 'Xã', 187, 0),
(6481, 'Xã Chiến Thắng', 'Xã', 187, 0),
(6484, 'Xã Mai Sao', 'Xã', 187, 0),
(6487, 'Xã Bằng Hữu', 'Xã', 187, 0),
(6490, 'Xã Thượng Cường', 'Xã', 187, 0),
(6493, 'Xã Bằng Mạc', 'Xã', 187, 0),
(6496, 'Xã Nhân Lý', 'Xã', 187, 0),
(6499, 'Xã Lâm Sơn', 'Xã', 187, 0),
(6502, 'Xã Liên Sơn', 'Xã', 187, 0),
(6505, 'Xã Vạn Linh', 'Xã', 187, 0),
(6508, 'Xã Hòa Bình', 'Xã', 187, 0),
(6511, 'Xã Quang Lang', 'Xã', 187, 0),
(6514, 'Xã Hữu Kiên', 'Xã', 187, 0),
(6517, 'Xã Quan Sơn', 'Xã', 187, 0),
(6520, 'Xã Y Tịch', 'Xã', 187, 0),
(6523, 'Xã Chi Lăng', 'Xã', 187, 0),
(6526, 'Thị trấn Na Dương', 'Thị trấn', 188, 0),
(6529, 'Thị trấn Lộc Bình', 'Thị trấn', 188, 0),
(6532, 'Xã Mẫu Sơn', 'Xã', 188, 0),
(6535, 'Xã Bằng Khánh', 'Xã', 188, 0),
(6538, 'Xã Xuân Lễ', 'Xã', 188, 0),
(6541, 'Xã Yên Khoái', 'Xã', 188, 0),
(6544, 'Xã Xuân Mãn', 'Xã', 188, 0),
(6547, 'Xã Tú Mịch', 'Xã', 188, 0),
(6550, 'Xã Hữu Khánh', 'Xã', 188, 0),
(6553, 'Xã Đồng Bục', 'Xã', 188, 0),
(6556, 'Xã Vân Mộng', 'Xã', 188, 0),
(6559, 'Xã Tam Gia', 'Xã', 188, 0),
(6562, 'Xã Tú Đoạn', 'Xã', 188, 0),
(6565, 'Xã Khuất Xá', 'Xã', 188, 0),
(6568, 'Xã Như Khuê', 'Xã', 188, 0),
(6571, 'Xã Lục Thôn', 'Xã', 188, 0),
(6574, 'Xã Tĩnh Bắc', 'Xã', 188, 0),
(6577, 'Xã Xuân Tình', 'Xã', 188, 0),
(6580, 'Xã Hiệp Hạ', 'Xã', 188, 0),
(6583, 'Xã Nhượng Bạn', 'Xã', 188, 0),
(6586, 'Xã Quan Bản', 'Xã', 188, 0),
(6589, 'Xã Sàn Viên', 'Xã', 188, 0),
(6592, 'Xã Đông Quan', 'Xã', 188, 0),
(6595, 'Xã Minh Phát', 'Xã', 188, 0),
(6598, 'Xã Hữu Lân', 'Xã', 188, 0),
(6601, 'Xã Lợi Bác', 'Xã', 188, 0),
(6604, 'Xã Nam Quan', 'Xã', 188, 0),
(6607, 'Xã Xuân Dương', 'Xã', 188, 0),
(6610, 'Xã Ái Quốc', 'Xã', 188, 0),
(6613, 'Thị trấn Đình Lập', 'Thị trấn', 189, 0),
(6616, 'Thị trấn NT Thái Bình', 'Thị trấn', 189, 0),
(6619, 'Xã Bắc Xa', 'Xã', 189, 0),
(6622, 'Xã Bính Xá', 'Xã', 189, 0),
(6625, 'Xã Kiên Mộc', 'Xã', 189, 0),
(6628, 'Xã Đình Lập', 'Xã', 189, 0),
(6631, 'Xã Thái Bình', 'Xã', 189, 0),
(6634, 'Xã Cường Lợi', 'Xã', 189, 0),
(6637, 'Xã Châu Sơn', 'Xã', 189, 0),
(6640, 'Xã Lâm Ca', 'Xã', 189, 0),
(6643, 'Xã Đồng Thắng', 'Xã', 189, 0),
(6646, 'Xã Bắc Lãng', 'Xã', 189, 0),
(6649, 'Phường Hà Khánh', 'Phường', 193, 0),
(6652, 'Phường Hà Phong', 'Phường', 193, 0),
(6655, 'Phường Hà Khẩu', 'Phường', 193, 0),
(6658, 'Phường Cao Xanh', 'Phường', 193, 0),
(6661, 'Phường Giếng Đáy', 'Phường', 193, 0),
(6664, 'Phường Hà Tu', 'Phường', 193, 0),
(6667, 'Phường Hà Trung', 'Phường', 193, 0),
(6670, 'Phường Hà Lầm', 'Phường', 193, 0),
(6673, 'Phường Bãi Cháy', 'Phường', 193, 0),
(6676, 'Phường Cao Thắng', 'Phường', 193, 0),
(6679, 'Phường Hùng Thắng', 'Phường', 193, 0),
(6682, 'Phường Yết Kiêu', 'Phường', 193, 0),
(6685, 'Phường Trần Hưng Đạo', 'Phường', 193, 0),
(6688, 'Phường Hồng Hải', 'Phường', 193, 0),
(6691, 'Phường Hồng Gai', 'Phường', 193, 0),
(6694, 'Phường Bạch Đằng', 'Phường', 193, 0),
(6697, 'Phường Hồng Hà', 'Phường', 193, 0),
(6700, 'Phường Tuần Châu', 'Phường', 193, 0),
(6703, 'Phường Việt Hưng', 'Phường', 193, 0),
(6706, 'Phường Đại Yên', 'Phường', 193, 0),
(6709, 'Phường Ka Long', 'Phường', 194, 0),
(6712, 'Phường Trần Phú', 'Phường', 194, 0),
(6715, 'Phường Ninh Dương', 'Phường', 194, 0),
(6718, 'Phường Hoà Lạc', 'Phường', 194, 0),
(6721, 'Phường Trà Cổ', 'Phường', 194, 0),
(6724, 'Xã Hải Sơn', 'Xã', 194, 0),
(6727, 'Xã Bắc Sơn', 'Xã', 194, 0),
(6730, 'Xã Hải Đông', 'Xã', 194, 0),
(6733, 'Xã Hải Tiến', 'Xã', 194, 0),
(6736, 'Phường Hải Yên', 'Phường', 194, 0),
(6739, 'Xã Quảng Nghĩa', 'Xã', 194, 0),
(6742, 'Phường Hải Hoà', 'Phường', 194, 0),
(6745, 'Xã Hải Xuân', 'Xã', 194, 0),
(6748, 'Xã Vạn Ninh', 'Xã', 194, 0),
(6751, 'Phường Bình Ngọc', 'Phường', 194, 0),
(6754, 'Xã Vĩnh Trung', 'Xã', 194, 0),
(6757, 'Xã Vĩnh Thực', 'Xã', 194, 0),
(6760, 'Phường Mông Dương', 'Phường', 195, 0),
(6763, 'Phường Cửa Ông', 'Phường', 195, 0),
(6766, 'Phường Cẩm Sơn', 'Phường', 195, 0),
(6769, 'Phường Cẩm Đông', 'Phường', 195, 0),
(6772, 'Phường Cẩm Phú', 'Phường', 195, 0),
(6775, 'Phường Cẩm Tây', 'Phường', 195, 0),
(6778, 'Phường Quang Hanh', 'Phường', 195, 0),
(6781, 'Phường Cẩm Thịnh', 'Phường', 195, 0),
(6784, 'Phường Cẩm Thủy', 'Phường', 195, 0),
(6787, 'Phường Cẩm Thạch', 'Phường', 195, 0),
(6790, 'Phường Cẩm Thành', 'Phường', 195, 0),
(6793, 'Phường Cẩm Trung', 'Phường', 195, 0),
(6796, 'Phường Cẩm Bình', 'Phường', 195, 0),
(6799, 'Xã Cộng Hòa', 'Xã', 195, 0),
(6802, 'Xã Cẩm Hải', 'Xã', 195, 0),
(6805, 'Xã Dương Huy', 'Xã', 195, 0),
(6808, 'Phường Vàng Danh', 'Phường', 196, 0),
(6811, 'Phường Thanh Sơn', 'Phường', 196, 0),
(6814, 'Phường Bắc Sơn', 'Phường', 196, 0),
(6817, 'Phường Quang Trung', 'Phường', 196, 0),
(6820, 'Phường Trưng Vương', 'Phường', 196, 0),
(6823, 'Phường Nam Khê', 'Phường', 196, 0),
(6826, 'Phường Yên Thanh', 'Phường', 196, 0),
(6829, 'Xã Thượng Yên Công', 'Xã', 196, 0),
(6832, 'Phường Phương Đông', 'Phường', 196, 0),
(6835, 'Phường Phương Nam', 'Phường', 196, 0),
(6838, 'Thị trấn Bình Liêu', 'Thị trấn', 198, 0),
(6841, 'Xã Hoành Mô', 'Xã', 198, 0),
(6844, 'Xã Đồng Tâm', 'Xã', 198, 0),
(6847, 'Xã Đồng Văn', 'Xã', 198, 0),
(6850, 'Xã Tình Húc', 'Xã', 198, 0),
(6853, 'Xã Vô Ngại', 'Xã', 198, 0),
(6856, 'Xã Lục Hồn', 'Xã', 198, 0),
(6859, 'Xã Húc Động', 'Xã', 198, 0),
(6862, 'Thị trấn Tiên Yên', 'Thị trấn', 199, 0),
(6865, 'Xã Hà Lâu', 'Xã', 199, 0),
(6868, 'Xã Đại Dực', 'Xã', 199, 0),
(6869, 'Xã Đại Thành', 'Xã', 199, 0),
(6871, 'Xã Phong Dụ', 'Xã', 199, 0),
(6874, 'Xã Điền Xá', 'Xã', 199, 0),
(6877, 'Xã Đông Ngũ', 'Xã', 199, 0),
(6880, 'Xã Yên Than', 'Xã', 199, 0),
(6883, 'Xã Đông Hải', 'Xã', 199, 0),
(6886, 'Xã Hải Lạng', 'Xã', 199, 0),
(6889, 'Xã Tiên Lãng', 'Xã', 199, 0),
(6892, 'Xã Đồng Rui', 'Xã', 199, 0),
(6895, 'Thị trấn Đầm Hà', 'Thị trấn', 200, 0),
(6898, 'Xã Quảng Lâm', 'Xã', 200, 0),
(6901, 'Xã Quảng An', 'Xã', 200, 0),
(6904, 'Xã Tân Bình', 'Xã', 200, 0),
(6907, 'Xã Quảng Lợi', 'Xã', 200, 0),
(6910, 'Xã Dực Yên', 'Xã', 200, 0),
(6913, 'Xã Quảng Tân', 'Xã', 200, 0),
(6916, 'Xã Đầm Hà', 'Xã', 200, 0),
(6917, 'Xã Tân Lập', 'Xã', 200, 0),
(6919, 'Xã Đại Bình', 'Xã', 200, 0),
(6922, 'Thị trấn Quảng Hà', 'Thị trấn', 201, 0),
(6925, 'Xã Quảng Đức', 'Xã', 201, 0),
(6928, 'Xã Quảng Sơn', 'Xã', 201, 0),
(6931, 'Xã Quảng Thành', 'Xã', 201, 0),
(6934, 'Xã Quảng Thắng', 'Xã', 201, 0),
(6937, 'Xã Quảng Thịnh', 'Xã', 201, 0),
(6940, 'Xã Quảng Minh', 'Xã', 201, 0),
(6943, 'Xã Quảng Chính', 'Xã', 201, 0),
(6946, 'Xã Quảng Long', 'Xã', 201, 0),
(6949, 'Xã Đường Hoa', 'Xã', 201, 0),
(6952, 'Xã Quảng Phong', 'Xã', 201, 0),
(6955, 'Xã Quảng Trung', 'Xã', 201, 0),
(6958, 'Xã Phú Hải', 'Xã', 201, 0),
(6961, 'Xã Quảng Điền', 'Xã', 201, 0),
(6964, 'Xã Tiến Tới', 'Xã', 201, 0),
(6967, 'Xã Cái Chiên', 'Xã', 201, 0),
(6970, 'Thị trấn Ba Chẽ', 'Thị trấn', 202, 0),
(6973, 'Xã Thanh Sơn', 'Xã', 202, 0),
(6976, 'Xã Thanh Lâm', 'Xã', 202, 0),
(6979, 'Xã Đạp Thanh', 'Xã', 202, 0),
(6982, 'Xã Nam Sơn', 'Xã', 202, 0),
(6985, 'Xã Lương Mông', 'Xã', 202, 0),
(6988, 'Xã Đồn Đạc', 'Xã', 202, 0),
(6991, 'Xã Minh Cầm', 'Xã', 202, 0),
(6994, 'Thị trấn Cái Rồng', 'Thị trấn', 203, 0),
(6997, 'Xã Đài Xuyên', 'Xã', 203, 0),
(7000, 'Xã Bình Dân', 'Xã', 203, 0),
(7003, 'Xã Vạn Yên', 'Xã', 203, 0),
(7006, 'Xã Minh Châu', 'Xã', 203, 0),
(7009, 'Xã Đoàn Kết', 'Xã', 203, 0),
(7012, 'Xã Hạ Long', 'Xã', 203, 0),
(7015, 'Xã Đông Xá', 'Xã', 203, 0),
(7018, 'Xã Bản Sen', 'Xã', 203, 0),
(7021, 'Xã Thắng Lợi', 'Xã', 203, 0),
(7024, 'Xã Quan Lạn', 'Xã', 203, 0),
(7027, 'Xã Ngọc Vừng', 'Xã', 203, 0),
(7030, 'Thị trấn Trới', 'Thị trấn', 204, 0),
(7033, 'Xã Kỳ Thượng', 'Xã', 204, 0),
(7036, 'Xã Đồng Sơn', 'Xã', 204, 0),
(7039, 'Xã Tân Dân', 'Xã', 204, 0),
(7042, 'Xã Đồng Lâm', 'Xã', 204, 0),
(7045, 'Xã Hòa Bình', 'Xã', 204, 0),
(7048, 'Xã Vũ Oai', 'Xã', 204, 0),
(7051, 'Xã Dân Chủ', 'Xã', 204, 0),
(7054, 'Xã Quảng La', 'Xã', 204, 0),
(7057, 'Xã Bằng Cả', 'Xã', 204, 0),
(7060, 'Xã Thống Nhất', 'Xã', 204, 0),
(7063, 'Xã Sơn Dương', 'Xã', 204, 0),
(7066, 'Xã Lê Lợi', 'Xã', 204, 0),
(7069, 'Phường Mạo Khê', 'Phường', 205, 0),
(7072, 'Phường Đông Triều', 'Phường', 205, 0),
(7075, 'Xã An Sinh', 'Xã', 205, 0),
(7078, 'Xã Tràng Lương', 'Xã', 205, 0),
(7081, 'Xã Bình Khê', 'Xã', 205, 0),
(7084, 'Xã Việt Dân', 'Xã', 205, 0),
(7087, 'Xã Tân Việt', 'Xã', 205, 0),
(7090, 'Xã Bình Dương', 'Xã', 205, 0),
(7093, 'Phường Đức Chính', 'Phường', 205, 0),
(7096, 'Xã Tràng An', 'Xã', 205, 0),
(7099, 'Xã Nguyễn Huệ', 'Xã', 205, 0),
(7102, 'Xã Thủy An', 'Xã', 205, 0),
(7105, 'Phường Xuân Sơn', 'Phường', 205, 0),
(7108, 'Xã Hồng Thái Tây', 'Xã', 205, 0),
(7111, 'Xã Hồng Thái Đông', 'Xã', 205, 0),
(7114, 'Xã Hoàng Quế', 'Xã', 205, 0),
(7117, 'Xã Yên Thọ', 'Xã', 205, 0),
(7120, 'Xã Hồng Phong', 'Xã', 205, 0),
(7123, 'Phường Kim Sơn', 'Phường', 205, 0),
(7126, 'Phường Hưng Đạo', 'Phường', 205, 0),
(7129, 'Xã Yên Đức', 'Xã', 205, 0),
(7132, 'Phường Quảng Yên', 'Phường', 206, 0),
(7135, 'Phường Đông Mai', 'Phường', 206, 0),
(7138, 'Phường Minh Thành', 'Phường', 206, 0),
(7141, 'Xã Điền Công', 'Xã', 196, 0),
(7144, 'Xã Sông Khoai', 'Xã', 206, 0),
(7147, 'Xã Hiệp Hòa', 'Xã', 206, 0),
(7150, 'Phường Cộng Hòa', 'Phường', 206, 0),
(7153, 'Xã Tiền An', 'Xã', 206, 0),
(7156, 'Xã Hoàng Tân', 'Xã', 206, 0),
(7159, 'Phường Tân An', 'Phường', 206, 0),
(7162, 'Phường Yên Giang', 'Phường', 206, 0),
(7165, 'Phường Nam Hoà', 'Phường', 206, 0),
(7168, 'Phường Hà An', 'Phường', 206, 0),
(7171, 'Xã Cẩm La', 'Xã', 206, 0),
(7174, 'Phường Phong Hải', 'Phường', 206, 0),
(7177, 'Phường Yên Hải', 'Phường', 206, 0),
(7180, 'Xã Liên Hòa', 'Xã', 206, 0),
(7183, 'Phường Phong Cốc', 'Phường', 206, 0),
(7186, 'Xã Liên Vị', 'Xã', 206, 0),
(7189, 'Xã Tiền Phong', 'Xã', 206, 0),
(7192, 'Thị trấn Cô Tô', 'Thị trấn', 207, 0),
(7195, 'Xã Đồng Tiến', 'Xã', 207, 0),
(7198, 'Xã Thanh Lân', 'Xã', 207, 0),
(7201, 'Phường Thọ Xương', 'Phường', 213, 0),
(7204, 'Phường Trần Nguyên Hãn', 'Phường', 213, 0),
(7207, 'Phường Ngô Quyền', 'Phường', 213, 0),
(7210, 'Phường Hoàng Văn Thụ', 'Phường', 213, 0),
(7213, 'Phường Trần Phú', 'Phường', 213, 0),
(7216, 'Phường Mỹ Độ', 'Phường', 213, 0),
(7219, 'Phường Lê Lợi', 'Phường', 213, 0),
(7222, 'Xã Song Mai', 'Xã', 213, 0),
(7225, 'Phường Xương Giang', 'Phường', 213, 0),
(7228, 'Phường Đa Mai', 'Phường', 213, 0),
(7231, 'Phường Dĩnh Kế', 'Phường', 213, 0),
(7234, 'Thị trấn Cầu Gồ', 'Thị trấn', 215, 0),
(7237, 'Thị trấn Bố Hạ', 'Thị trấn', 215, 0),
(7243, 'Xã Đồng Tiến', 'Xã', 215, 0),
(7246, 'Xã Canh Nậu', 'Xã', 215, 0),
(7249, 'Xã Xuân Lương', 'Xã', 215, 0),
(7252, 'Xã Tam Tiến', 'Xã', 215, 0),
(7255, 'Xã Đồng Vương', 'Xã', 215, 0),
(7258, 'Xã Đồng Hưu', 'Xã', 215, 0),
(7260, 'Xã Đồng Tâm', 'Xã', 215, 0),
(7261, 'Xã Tam Hiệp', 'Xã', 215, 0),
(7264, 'Xã Tiến Thắng', 'Xã', 215, 0),
(7267, 'Xã Hồng Kỳ', 'Xã', 215, 0),
(7270, 'Xã Đồng Lạc', 'Xã', 215, 0),
(7273, 'Xã Đông Sơn', 'Xã', 215, 0),
(7276, 'Xã Tân Hiệp', 'Xã', 215, 0),
(7279, 'Xã Hương Vĩ', 'Xã', 215, 0),
(7282, 'Xã Đồng Kỳ', 'Xã', 215, 0),
(7285, 'Xã An Thượng', 'Xã', 215, 0),
(7288, 'Xã Phồn Xương', 'Xã', 215, 0),
(7291, 'Xã Tân Sỏi', 'Xã', 215, 0),
(7294, 'Xã Bố Hạ', 'Xã', 215, 0),
(7297, 'Thị trấn Cao Thượng', 'Thị trấn', 216, 0),
(7300, 'Thị trấn Nhã Nam', 'Thị trấn', 216, 0),
(7303, 'Xã Lan Giới', 'Xã', 216, 0),
(7306, 'Xã Nhã Nam', 'Xã', 216, 0),
(7309, 'Xã Tân Trung', 'Xã', 216, 0),
(7312, 'Xã Đại Hóa', 'Xã', 216, 0),
(7315, 'Xã Quang Tiến', 'Xã', 216, 0),
(7318, 'Xã Phúc Sơn', 'Xã', 216, 0),
(7321, 'Xã An Dương', 'Xã', 216, 0),
(7324, 'Xã Phúc Hòa', 'Xã', 216, 0),
(7327, 'Xã Liên Sơn', 'Xã', 216, 0),
(7330, 'Xã Hợp Đức', 'Xã', 216, 0),
(7333, 'Xã Lam Cốt', 'Xã', 216, 0),
(7336, 'Xã Cao Xá', 'Xã', 216, 0),
(7339, 'Xã Cao Thượng', 'Xã', 216, 0),
(7342, 'Xã Việt Ngọc', 'Xã', 216, 0),
(7345, 'Xã Song Vân', 'Xã', 216, 0),
(7348, 'Xã Ngọc Châu', 'Xã', 216, 0),
(7351, 'Xã Ngọc Vân', 'Xã', 216, 0),
(7354, 'Xã Việt Lập', 'Xã', 216, 0),
(7357, 'Xã Liên Chung', 'Xã', 216, 0),
(7360, 'Xã Ngọc Thiện', 'Xã', 216, 0),
(7363, 'Xã Ngọc Lý', 'Xã', 216, 0),
(7366, 'Xã Quế Nham', 'Xã', 216, 0),
(7369, 'Thị trấn Kép', 'Thị trấn', 217, 0),
(7375, 'Thị trấn Vôi', 'Thị trấn', 217, 0),
(7378, 'Xã Nghĩa Hòa', 'Xã', 217, 0),
(7381, 'Xã Nghĩa Hưng', 'Xã', 217, 0),
(7384, 'Xã Quang Thịnh', 'Xã', 217, 0),
(7387, 'Xã Hương Sơn', 'Xã', 217, 0),
(7390, 'Xã Đào Mỹ', 'Xã', 217, 0),
(7393, 'Xã Tiên Lục', 'Xã', 217, 0),
(7396, 'Xã An Hà', 'Xã', 217, 0),
(7399, 'Xã Tân Thịnh', 'Xã', 217, 0),
(7402, 'Xã Mỹ Hà', 'Xã', 217, 0),
(7405, 'Xã Hương Lạc', 'Xã', 217, 0),
(7408, 'Xã Dương Đức', 'Xã', 217, 0),
(7411, 'Xã Tân Thanh', 'Xã', 217, 0),
(7414, 'Xã Yên Mỹ', 'Xã', 217, 0),
(7417, 'Xã Tân Hưng', 'Xã', 217, 0),
(7420, 'Xã Mỹ Thái', 'Xã', 217, 0),
(7423, 'Xã Phi Mô', 'Xã', 217, 0),
(7426, 'Xã Xương Lâm', 'Xã', 217, 0),
(7429, 'Xã Xuân Hương', 'Xã', 217, 0),
(7432, 'Xã Tân Dĩnh', 'Xã', 217, 0),
(7435, 'Xã Đại Lâm', 'Xã', 217, 0),
(7438, 'Xã Thái Đào', 'Xã', 217, 0),
(7441, 'Xã Dĩnh Trì', 'Xã', 213, 0),
(7444, 'Thị trấn Đồi Ngô', 'Thị trấn', 218, 0),
(7447, 'Thị trấn Lục Nam', 'Thị trấn', 218, 0),
(7450, 'Xã Đông Hưng', 'Xã', 218, 0),
(7453, 'Xã Đông Phú', 'Xã', 218, 0),
(7456, 'Xã Tam Dị', 'Xã', 218, 0),
(7459, 'Xã Bảo Sơn', 'Xã', 218, 0),
(7462, 'Xã Bảo Đài', 'Xã', 218, 0),
(7465, 'Xã Thanh Lâm', 'Xã', 218, 0),
(7468, 'Xã Tiên Nha', 'Xã', 218, 0),
(7471, 'Xã Trường Giang', 'Xã', 218, 0),
(7474, 'Xã Tiên Hưng', 'Xã', 218, 0),
(7477, 'Xã Phương Sơn', 'Xã', 218, 0),
(7480, 'Xã Chu Điện', 'Xã', 218, 0),
(7483, 'Xã Cương Sơn', 'Xã', 218, 0),
(7486, 'Xã Nghĩa Phương', 'Xã', 218, 0),
(7489, 'Xã Vô Tranh', 'Xã', 218, 0),
(7492, 'Xã Bình Sơn', 'Xã', 218, 0),
(7495, 'Xã Lan Mẫu', 'Xã', 218, 0),
(7498, 'Xã Yên Sơn', 'Xã', 218, 0),
(7501, 'Xã Khám Lạng', 'Xã', 218, 0),
(7504, 'Xã Huyền Sơn', 'Xã', 218, 0),
(7507, 'Xã Trường Sơn', 'Xã', 218, 0),
(7510, 'Xã Lục Sơn', 'Xã', 218, 0),
(7513, 'Xã Bắc Lũng', 'Xã', 218, 0),
(7516, 'Xã Vũ Xá', 'Xã', 218, 0),
(7519, 'Xã Cẩm Lý', 'Xã', 218, 0),
(7522, 'Xã Đan Hội', 'Xã', 218, 0),
(7525, 'Thị trấn Chũ', 'Thị trấn', 219, 0),
(7528, 'Xã Cấm Sơn', 'Xã', 219, 0),
(7531, 'Xã Tân Sơn', 'Xã', 219, 0),
(7534, 'Xã Phong Minh', 'Xã', 219, 0),
(7537, 'Xã Phong Vân', 'Xã', 219, 0),
(7540, 'Xã Xa Lý', 'Xã', 219, 0),
(7543, 'Xã Hộ Đáp', 'Xã', 219, 0),
(7546, 'Xã Sơn Hải', 'Xã', 219, 0),
(7549, 'Xã Thanh Hải', 'Xã', 219, 0),
(7552, 'Xã Kiên Lao', 'Xã', 219, 0),
(7555, 'Xã Biên Sơn', 'Xã', 219, 0),
(7558, 'Xã Kiên Thành', 'Xã', 219, 0),
(7561, 'Xã Hồng Giang', 'Xã', 219, 0),
(7564, 'Xã Kim Sơn', 'Xã', 219, 0),
(7567, 'Xã Tân Hoa', 'Xã', 219, 0),
(7570, 'Xã Giáp Sơn', 'Xã', 219, 0),
(7573, 'Xã Biển Động', 'Xã', 219, 0),
(7576, 'Xã Quý Sơn', 'Xã', 219, 0),
(7579, 'Xã Trù Hựu', 'Xã', 219, 0),
(7582, 'Xã Phì Điền', 'Xã', 219, 0),
(7585, 'Xã Nghĩa Hồ', 'Xã', 219, 0),
(7588, 'Xã Tân Quang', 'Xã', 219, 0),
(7591, 'Xã Đồng Cốc', 'Xã', 219, 0),
(7594, 'Xã Tân Lập', 'Xã', 219, 0),
(7597, 'Xã Phú Nhuận', 'Xã', 219, 0),
(7600, 'Xã Mỹ An', 'Xã', 219, 0),
(7603, 'Xã Nam Dương', 'Xã', 219, 0),
(7606, 'Xã Tân Mộc', 'Xã', 219, 0),
(7609, 'Xã Đèo Gia', 'Xã', 219, 0),
(7612, 'Xã Phượng Sơn', 'Xã', 219, 0),
(7615, 'Thị trấn An Châu', 'Thị trấn', 220, 0),
(7616, 'Thị trấn Thanh Sơn', 'Thị trấn', 220, 0),
(7618, 'Xã Thạch Sơn', 'Xã', 220, 0),
(7621, 'Xã Vân Sơn', 'Xã', 220, 0);

-- --------------------------------------------------------

--
-- Table structure for table `user`
--

CREATE TABLE `user` (
  `id` int(11) NOT NULL,
  `userCode` varchar(20) NOT NULL,
  `userName` varchar(50) NOT NULL,
  `password` varchar(100) NOT NULL,
  `name` varchar(100) NOT NULL,
  `dob` timestamp NULL DEFAULT NULL,
  `addressId` int(11) DEFAULT NULL,
  `addressDetail` varchar(250) DEFAULT NULL,
  `identity` bigint(12) DEFAULT NULL,
  `phoneNumber` int(11) DEFAULT NULL,
  `gender` int(11) DEFAULT NULL,
  `email` varchar(100) DEFAULT NULL,
  `status` int(11) DEFAULT NULL,
  `userIdCreated` int(11) DEFAULT NULL,
  `dateCreated` timestamp NULL DEFAULT NULL,
  `userIdUpdated` int(11) DEFAULT NULL,
  `dateUpdated` timestamp NULL DEFAULT NULL,
  `numberEdit` int(11) DEFAULT NULL,
  `deleted` int(11) DEFAULT '0',
  `role` int(11) DEFAULT NULL
) ENGINE=InnoDB DEFAULT CHARSET=utf8;

--
-- Dumping data for table `user`
--

INSERT INTO `user` (`id`, `userCode`, `userName`, `password`, `name`, `dob`, `addressId`, `addressDetail`, `identity`, `phoneNumber`, `gender`, `email`, `status`, `userIdCreated`, `dateCreated`, `userIdUpdated`, `dateUpdated`, `numberEdit`, `deleted`, `role`) VALUES
(5, 'USER5', 'admin', 'e10adc3949ba59abbe56e057f20f883e', 'Phuong', '2019-04-29 17:00:00', 16, 'Ha Noi, Ha Noi', 11323, 334924847, 0, 'PhuongNMD00539@fpt.edu.vn', 0, 1, '2019-05-28 17:00:00', 0, '2019-04-29 17:00:00', 0, 0, 5),
(6, 'USER10001', 'admin123', 'e10adc3949ba59abbe56e057f20f883e', 'name', '1999-11-10 17:00:00', 26, 'Ha Noi, Ha Noi', 11323, 334924847, 1, 'phuongkenn11@gmail.com', 0, 1, '2019-05-29 17:00:00', NULL, NULL, NULL, 0, 1);

--
-- Indexes for dumped tables
--

--
-- Indexes for table `address`
--
ALTER TABLE `address`
  ADD PRIMARY KEY (`id`);

--
-- Indexes for table `district`
--
ALTER TABLE `district`
  ADD PRIMARY KEY (`id`);

--
-- Indexes for table `mark`
--
ALTER TABLE `mark`
  ADD PRIMARY KEY (`id`);

--
-- Indexes for table `provind`
--
ALTER TABLE `provind`
  ADD PRIMARY KEY (`id`);

--
-- Indexes for table `student`
--
ALTER TABLE `student`
  ADD PRIMARY KEY (`id`);

--
-- Indexes for table `subjects`
--
ALTER TABLE `subjects`
  ADD PRIMARY KEY (`id`);

--
-- Indexes for table `town`
--
ALTER TABLE `town`
  ADD PRIMARY KEY (`id`);

--
-- Indexes for table `user`
--
ALTER TABLE `user`
  ADD PRIMARY KEY (`id`);

--
-- AUTO_INCREMENT for dumped tables
--

--
-- AUTO_INCREMENT for table `address`
--
ALTER TABLE `address`
  MODIFY `id` int(11) NOT NULL AUTO_INCREMENT, AUTO_INCREMENT=27;

--
-- AUTO_INCREMENT for table `mark`
--
ALTER TABLE `mark`
  MODIFY `id` int(11) NOT NULL AUTO_INCREMENT, AUTO_INCREMENT=3;

--
-- AUTO_INCREMENT for table `student`
--
ALTER TABLE `student`
  MODIFY `id` int(11) NOT NULL AUTO_INCREMENT, AUTO_INCREMENT=6;

--
-- AUTO_INCREMENT for table `subjects`
--
ALTER TABLE `subjects`
  MODIFY `id` int(11) NOT NULL AUTO_INCREMENT, AUTO_INCREMENT=5;

--
-- AUTO_INCREMENT for table `user`
--
ALTER TABLE `user`
  MODIFY `id` int(11) NOT NULL AUTO_INCREMENT, AUTO_INCREMENT=7;
COMMIT;

/*!40101 SET CHARACTER_SET_CLIENT=@OLD_CHARACTER_SET_CLIENT */;
/*!40101 SET CHARACTER_SET_RESULTS=@OLD_CHARACTER_SET_RESULTS */;
/*!40101 SET COLLATION_CONNECTION=@OLD_COLLATION_CONNECTION */;
